width,length,type,region,model,height-min,height-max,stories
10.0,10.0,residential,DE,objects/uwespeed/germany/RES_10.0x10.0_0.obj_0.obj,,,2,SQ,UWESPEED
10.0,13.0,residential,DE,objects/uwespeed/germany/RES_10.0x13.0_0.obj_0.obj,,,2,SQ,UWESPEED
10.0,16.0,residential,DE,objects/uwespeed/germany/RES_10.0x16.0_0.obj_0.obj,,,3,SQ,UWESPEED
10.0,19.0,residential,DE,objects/uwespeed/germany/RES_10.0x19.0_0.obj_0.obj,,,3,SQ,UWESPEED
10.0,22.0,residential,DE,objects/uwespeed/germany/RES_10.0x22.0_0.obj_0.obj,,,3,SQ,UWESPEED
10.0,25.0,residential,DE,objects/uwespeed/germany/RES_10.0x25.0_0.obj_0.obj,,,3,SQ,UWESPEED
10.0,28.0,residential,DE,objects/uwespeed/germany/RES_10.0x28.0_0.obj_0.obj,,,3,SQ,UWESPEED
10.0,31.0,residential,DE,objects/uwespeed/germany/RES_10.0x31.0_0.obj_0.obj,,,3,SQ,UWESPEED
10.0,34.0,residential,DE,objects/uwespeed/germany/RES_10.0x34.0_0.obj_0.obj,,,2,SQ,UWESPEED
10.0,37.0,residential,DE,objects/uwespeed/germany/RES_10.0x37.0_0.obj_0.obj,,,2,SQ,UWESPEED
11.0,10.0,residential,DE,objects/uwespeed/germany/RES_11.0x10.0_0.obj_0.obj,,,2,SQ,UWESPEED
11.0,13.0,residential,DE,objects/uwespeed/germany/RES_11.0x13.0_0.obj_0.obj,,,2,SQ,UWESPEED
11.0,16.0,residential,DE,objects/uwespeed/germany/RES_11.0x16.0_0.obj_0.obj,,,3,SQ,UWESPEED
11.0,19.0,residential,DE,objects/uwespeed/germany/RES_11.0x19.0_0.obj_0.obj,,,2,SQ,UWESPEED
11.0,22.0,residential,DE,objects/uwespeed/germany/RES_11.0x22.0_0.obj_0.obj,,,2,SQ,UWESPEED
11.0,25.0,residential,DE,objects/uwespeed/germany/RES_11.0x25.0_0.obj_0.obj,,,2,SQ,UWESPEED
11.0,28.0,residential,DE,objects/uwespeed/germany/RES_11.0x28.0_0.obj_0.obj,,,2,SQ,UWESPEED
11.0,31.0,residential,DE,objects/uwespeed/germany/RES_11.0x31.0_0.obj_0.obj,,,3,SQ,UWESPEED
11.0,34.0,residential,DE,objects/uwespeed/germany/RES_11.0x34.0_0.obj_0.obj,,,3,SQ,UWESPEED
11.0,37.0,residential,DE,objects/uwespeed/germany/RES_11.0x37.0_0.obj_0.obj,,,3,SQ,UWESPEED
12.0,10.0,residential,DE,objects/uwespeed/germany/RES_12.0x10.0_0.obj_0.obj,,,2,SQ,UWESPEED
12.0,13.0,residential,DE,objects/uwespeed/germany/RES_12.0x13.0_0.obj_0.obj,,,2,SQ,UWESPEED
12.0,16.0,residential,DE,objects/uwespeed/germany/RES_12.0x16.0_0.obj_0.obj,,,2,SQ,UWESPEED
12.0,19.0,residential,DE,objects/uwespeed/germany/RES_12.0x19.0_0.obj_0.obj,,,3,SQ,UWESPEED
12.0,22.0,residential,DE,objects/uwespeed/germany/RES_12.0x22.0_0.obj_0.obj,,,3,SQ,UWESPEED
12.0,25.0,residential,DE,objects/uwespeed/germany/RES_12.0x25.0_0.obj_0.obj,,,2,SQ,UWESPEED
12.0,28.0,residential,DE,objects/uwespeed/germany/RES_12.0x28.0_0.obj_0.obj,,,3,SQ,UWESPEED
12.0,31.0,residential,DE,objects/uwespeed/germany/RES_12.0x31.0_0.obj_0.obj,,,3,SQ,UWESPEED
12.0,34.0,residential,DE,objects/uwespeed/germany/RES_12.0x34.0_0.obj_0.obj,,,3,SQ,UWESPEED
12.0,37.0,residential,DE,objects/uwespeed/germany/RES_12.0x37.0_0.obj_0.obj,,,3,SQ,UWESPEED
13.0,10.0,residential,DE,objects/uwespeed/germany/RES_13.0x10.0_0.obj_0.obj,,,3,SQ,UWESPEED
13.0,13.0,residential,DE,objects/uwespeed/germany/RES_13.0x13.0_0.obj_0.obj,,,2,SQ,UWESPEED
13.0,16.0,residential,DE,objects/uwespeed/germany/RES_13.0x16.0_0.obj_0.obj,,,2,SQ,UWESPEED
13.0,19.0,residential,DE,objects/uwespeed/germany/RES_13.0x19.0_0.obj_0.obj,,,2,SQ,UWESPEED
13.0,22.0,residential,DE,objects/uwespeed/germany/RES_13.0x22.0_0.obj_0.obj,,,3,SQ,UWESPEED
13.0,25.0,residential,DE,objects/uwespeed/germany/RES_13.0x25.0_0.obj_0.obj,,,3,SQ,UWESPEED
13.0,28.0,residential,DE,objects/uwespeed/germany/RES_13.0x28.0_0.obj_0.obj,,,2,SQ,UWESPEED
13.0,31.0,residential,DE,objects/uwespeed/germany/RES_13.0x31.0_0.obj_0.obj,,,2,SQ,UWESPEED
13.0,34.0,residential,DE,objects/uwespeed/germany/RES_13.0x34.0_0.obj_0.obj,,,2,SQ,UWESPEED
13.0,37.0,residential,DE,objects/uwespeed/germany/RES_13.0x37.0_0.obj_0.obj,,,2,SQ,UWESPEED
14.0,10.0,residential,DE,objects/uwespeed/germany/RES_14.0x10.0_0.obj_0.obj,,,3,SQ,UWESPEED
14.0,13.0,residential,DE,objects/uwespeed/germany/RES_14.0x13.0_0.obj_0.obj,,,3,SQ,UWESPEED
14.0,16.0,residential,DE,objects/uwespeed/germany/RES_14.0x16.0_0.obj_0.obj,,,2,SQ,UWESPEED
14.0,19.0,residential,DE,objects/uwespeed/germany/RES_14.0x19.0_0.obj_0.obj,,,2,SQ,UWESPEED
14.0,22.0,residential,DE,objects/uwespeed/germany/RES_14.0x22.0_0.obj_0.obj,,,3,SQ,UWESPEED
14.0,25.0,residential,DE,objects/uwespeed/germany/RES_14.0x25.0_0.obj_0.obj,,,2,SQ,UWESPEED
14.0,28.0,residential,DE,objects/uwespeed/germany/RES_14.0x28.0_0.obj_0.obj,,,2,SQ,UWESPEED
14.0,31.0,residential,DE,objects/uwespeed/germany/RES_14.0x31.0_0.obj_0.obj,,,3,SQ,UWESPEED
14.0,34.0,residential,DE,objects/uwespeed/germany/RES_14.0x34.0_0.obj_0.obj,,,3,SQ,UWESPEED
14.0,37.0,residential,DE,objects/uwespeed/germany/RES_14.0x37.0_0.obj_0.obj,,,2,SQ,UWESPEED
15.0,10.0,residential,DE,objects/uwespeed/germany/RES_15.0x10.0_0.obj_0.obj,,,3,SQ,UWESPEED
15.0,13.0,residential,DE,objects/uwespeed/germany/RES_15.0x13.0_0.obj_0.obj,,,3,SQ,UWESPEED
15.0,16.0,residential,DE,objects/uwespeed/germany/RES_15.0x16.0_0.obj_0.obj,,,2,SQ,UWESPEED
15.0,19.0,residential,DE,objects/uwespeed/germany/RES_15.0x19.0_0.obj_0.obj,,,3,SQ,UWESPEED
15.0,22.0,residential,DE,objects/uwespeed/germany/RES_15.0x22.0_0.obj_0.obj,,,2,SQ,UWESPEED
15.0,25.0,residential,DE,objects/uwespeed/germany/RES_15.0x25.0_0.obj_0.obj,,,3,SQ,UWESPEED
15.0,28.0,residential,DE,objects/uwespeed/germany/RES_15.0x28.0_0.obj_0.obj,,,3,SQ,UWESPEED
15.0,31.0,residential,DE,objects/uwespeed/germany/RES_15.0x31.0_0.obj_0.obj,,,2,SQ,UWESPEED
15.0,34.0,residential,DE,objects/uwespeed/germany/RES_15.0x34.0_0.obj_0.obj,,,2,SQ,UWESPEED
15.0,37.0,residential,DE,objects/uwespeed/germany/RES_15.0x37.0_0.obj_0.obj,,,2,SQ,UWESPEED
16.0,10.0,residential,DE,objects/uwespeed/germany/RES_16.0x10.0_0.obj_0.obj,,,3,SQ,UWESPEED
16.0,13.0,residential,DE,objects/uwespeed/germany/RES_16.0x13.0_0.obj_0.obj,,,3,SQ,UWESPEED
16.0,16.0,residential,DE,objects/uwespeed/germany/RES_16.0x16.0_0.obj_0.obj,,,3,SQ,UWESPEED
16.0,19.0,residential,DE,objects/uwespeed/germany/RES_16.0x19.0_0.obj_0.obj,,,3,SQ,UWESPEED
16.0,22.0,residential,DE,objects/uwespeed/germany/RES_16.0x22.0_0.obj_0.obj,,,2,SQ,UWESPEED
16.0,25.0,residential,DE,objects/uwespeed/germany/RES_16.0x25.0_0.obj_0.obj,,,2,SQ,UWESPEED
16.0,28.0,residential,DE,objects/uwespeed/germany/RES_16.0x28.0_0.obj_0.obj,,,2,SQ,UWESPEED
16.0,31.0,residential,DE,objects/uwespeed/germany/RES_16.0x31.0_0.obj_0.obj,,,3,SQ,UWESPEED
16.0,34.0,residential,DE,objects/uwespeed/germany/RES_16.0x34.0_0.obj_0.obj,,,3,SQ,UWESPEED
16.0,37.0,residential,DE,objects/uwespeed/germany/RES_16.0x37.0_0.obj_0.obj,,,2,SQ,UWESPEED
17.0,10.0,residential,DE,objects/uwespeed/germany/RES_17.0x10.0_0.obj_0.obj,,,2,SQ,UWESPEED
17.0,13.0,residential,DE,objects/uwespeed/germany/RES_17.0x13.0_0.obj_0.obj,,,2,SQ,UWESPEED
17.0,16.0,residential,DE,objects/uwespeed/germany/RES_17.0x16.0_0.obj_0.obj,,,2,SQ,UWESPEED
17.0,19.0,residential,DE,objects/uwespeed/germany/RES_17.0x19.0_0.obj_0.obj,,,2,SQ,UWESPEED
17.0,22.0,residential,DE,objects/uwespeed/germany/RES_17.0x22.0_0.obj_0.obj,,,2,SQ,UWESPEED
17.0,25.0,residential,DE,objects/uwespeed/germany/RES_17.0x25.0_0.obj_0.obj,,,3,SQ,UWESPEED
17.0,28.0,residential,DE,objects/uwespeed/germany/RES_17.0x28.0_0.obj_0.obj,,,3,SQ,UWESPEED
17.0,31.0,residential,DE,objects/uwespeed/germany/RES_17.0x31.0_0.obj_0.obj,,,3,SQ,UWESPEED
17.0,34.0,residential,DE,objects/uwespeed/germany/RES_17.0x34.0_0.obj_0.obj,,,3,SQ,UWESPEED
17.0,37.0,residential,DE,objects/uwespeed/germany/RES_17.0x37.0_0.obj_0.obj,,,2,SQ,UWESPEED
18.0,10.0,residential,DE,objects/uwespeed/germany/RES_18.0x10.0_0.obj_0.obj,,,2,SQ,UWESPEED
18.0,13.0,residential,DE,objects/uwespeed/germany/RES_18.0x13.0_0.obj_0.obj,,,3,SQ,UWESPEED
18.0,16.0,residential,DE,objects/uwespeed/germany/RES_18.0x16.0_0.obj_0.obj,,,3,SQ,UWESPEED
18.0,19.0,residential,DE,objects/uwespeed/germany/RES_18.0x19.0_0.obj_0.obj,,,3,SQ,UWESPEED
18.0,22.0,residential,DE,objects/uwespeed/germany/RES_18.0x22.0_0.obj_0.obj,,,2,SQ,UWESPEED
18.0,25.0,residential,DE,objects/uwespeed/germany/RES_18.0x25.0_0.obj_0.obj,,,3,SQ,UWESPEED
18.0,28.0,residential,DE,objects/uwespeed/germany/RES_18.0x28.0_0.obj_0.obj,,,3,SQ,UWESPEED
18.0,31.0,residential,DE,objects/uwespeed/germany/RES_18.0x31.0_0.obj_0.obj,,,3,SQ,UWESPEED
18.0,34.0,residential,DE,objects/uwespeed/germany/RES_18.0x34.0_0.obj_0.obj,,,3,SQ,UWESPEED
18.0,37.0,residential,DE,objects/uwespeed/germany/RES_18.0x37.0_0.obj_0.obj,,,2,SQ,UWESPEED
19.0,10.0,residential,DE,objects/uwespeed/germany/RES_19.0x10.0_0.obj_0.obj,,,2,SQ,UWESPEED
19.0,13.0,residential,DE,objects/uwespeed/germany/RES_19.0x13.0_0.obj_0.obj,,,2,SQ,UWESPEED
19.0,16.0,residential,DE,objects/uwespeed/germany/RES_19.0x16.0_0.obj_0.obj,,,3,SQ,UWESPEED
19.0,19.0,residential,DE,objects/uwespeed/germany/RES_19.0x19.0_0.obj_0.obj,,,3,SQ,UWESPEED
19.0,22.0,residential,DE,objects/uwespeed/germany/RES_19.0x22.0_0.obj_0.obj,,,3,SQ,UWESPEED
19.0,25.0,residential,DE,objects/uwespeed/germany/RES_19.0x25.0_0.obj_0.obj,,,2,SQ,UWESPEED
19.0,28.0,residential,DE,objects/uwespeed/germany/RES_19.0x28.0_0.obj_0.obj,,,2,SQ,UWESPEED
19.0,31.0,residential,DE,objects/uwespeed/germany/RES_19.0x31.0_0.obj_0.obj,,,2,SQ,UWESPEED
19.0,34.0,residential,DE,objects/uwespeed/germany/RES_19.0x34.0_0.obj_0.obj,,,3,SQ,UWESPEED
19.0,37.0,residential,DE,objects/uwespeed/germany/RES_19.0x37.0_0.obj_0.obj,,,3,SQ,UWESPEED
20.0,10.0,residential,DE,objects/uwespeed/germany/RES_20.0x10.0_0.obj_0.obj,,,3,SQ,UWESPEED
20.0,13.0,residential,DE,objects/uwespeed/germany/RES_20.0x13.0_0.obj_0.obj,,,4,SQ,UWESPEED
20.0,16.0,residential,DE,objects/uwespeed/germany/RES_20.0x16.0_0.obj_0.obj,,,3,SQ,UWESPEED
20.0,19.0,residential,DE,objects/uwespeed/germany/RES_20.0x19.0_0.obj_0.obj,,,4,SQ,UWESPEED
20.0,22.0,residential,DE,objects/uwespeed/germany/RES_20.0x22.0_0.obj_0.obj,,,4,SQ,UWESPEED
20.0,25.0,residential,DE,objects/uwespeed/germany/RES_20.0x25.0_0.obj_0.obj,,,3,SQ,UWESPEED
20.0,28.0,residential,DE,objects/uwespeed/germany/RES_20.0x28.0_0.obj_0.obj,,,4,SQ,UWESPEED
20.0,31.0,residential,DE,objects/uwespeed/germany/RES_20.0x31.0_0.obj_0.obj,,,5,SQ,UWESPEED
20.0,34.0,residential,DE,objects/uwespeed/germany/RES_20.0x34.0_0.obj_0.obj,,,3,SQ,UWESPEED
20.0,37.0,residential,DE,objects/uwespeed/germany/RES_20.0x37.0_0.obj_0.obj,,,3,SQ,UWESPEED
21.0,10.0,residential,DE,objects/uwespeed/germany/RES_21.0x10.0_0.obj_0.obj,,,4,SQ,UWESPEED
21.0,13.0,residential,DE,objects/uwespeed/germany/RES_21.0x13.0_0.obj_0.obj,,,5,SQ,UWESPEED
21.0,16.0,residential,DE,objects/uwespeed/germany/RES_21.0x16.0_0.obj_0.obj,,,4,SQ,UWESPEED
21.0,19.0,residential,DE,objects/uwespeed/germany/RES_21.0x19.0_0.obj_0.obj,,,5,SQ,UWESPEED
21.0,22.0,residential,DE,objects/uwespeed/germany/RES_21.0x22.0_0.obj_0.obj,,,3,SQ,UWESPEED
21.0,25.0,residential,DE,objects/uwespeed/germany/RES_21.0x25.0_0.obj_0.obj,,,5,SQ,UWESPEED
21.0,28.0,residential,DE,objects/uwespeed/germany/RES_21.0x28.0_0.obj_0.obj,,,4,SQ,UWESPEED
21.0,31.0,residential,DE,objects/uwespeed/germany/RES_21.0x31.0_0.obj_0.obj,,,4,SQ,UWESPEED
21.0,34.0,residential,DE,objects/uwespeed/germany/RES_21.0x34.0_0.obj_0.obj,,,3,SQ,UWESPEED
21.0,37.0,residential,DE,objects/uwespeed/germany/RES_21.0x37.0_0.obj_0.obj,,,4,SQ,UWESPEED
22.0,10.0,residential,DE,objects/uwespeed/germany/RES_22.0x10.0_0.obj_0.obj,,,4,SQ,UWESPEED
22.0,13.0,residential,DE,objects/uwespeed/germany/RES_22.0x13.0_0.obj_0.obj,,,3,SQ,UWESPEED
22.0,16.0,residential,DE,objects/uwespeed/germany/RES_22.0x16.0_0.obj_0.obj,,,4,SQ,UWESPEED
22.0,19.0,residential,DE,objects/uwespeed/germany/RES_22.0x19.0_0.obj_0.obj,,,4,SQ,UWESPEED
22.0,22.0,residential,DE,objects/uwespeed/germany/RES_22.0x22.0_0.obj_0.obj,,,3,SQ,UWESPEED
22.0,25.0,residential,DE,objects/uwespeed/germany/RES_22.0x25.0_0.obj_0.obj,,,4,SQ,UWESPEED
22.0,28.0,residential,DE,objects/uwespeed/germany/RES_22.0x28.0_0.obj_0.obj,,,3,SQ,UWESPEED
22.0,31.0,residential,DE,objects/uwespeed/germany/RES_22.0x31.0_0.obj_0.obj,,,2,SQ,UWESPEED
22.0,34.0,residential,DE,objects/uwespeed/germany/RES_22.0x34.0_0.obj_0.obj,,,2,SQ,UWESPEED
22.0,37.0,residential,DE,objects/uwespeed/germany/RES_22.0x37.0_0.obj_0.obj,,,2,SQ,UWESPEED
23.0,10.0,residential,DE,objects/uwespeed/germany/RES_23.0x10.0_0.obj_0.obj,,,2,SQ,UWESPEED
23.0,13.0,residential,DE,objects/uwespeed/germany/RES_23.0x13.0_0.obj_0.obj,,,2,SQ,UWESPEED
23.0,16.0,residential,DE,objects/uwespeed/germany/RES_23.0x16.0_0.obj_0.obj,,,3,SQ,UWESPEED
23.0,19.0,residential,DE,objects/uwespeed/germany/RES_23.0x19.0_0.obj_0.obj,,,2,SQ,UWESPEED
23.0,22.0,residential,DE,objects/uwespeed/germany/RES_23.0x22.0_0.obj_0.obj,,,3,SQ,UWESPEED
23.0,25.0,residential,DE,objects/uwespeed/germany/RES_23.0x25.0_0.obj_0.obj,,,3,SQ,UWESPEED
23.0,28.0,residential,DE,objects/uwespeed/germany/RES_23.0x28.0_0.obj_0.obj,,,3,SQ,UWESPEED
23.0,31.0,residential,DE,objects/uwespeed/germany/RES_23.0x31.0_0.obj_0.obj,,,3,SQ,UWESPEED
23.0,34.0,residential,DE,objects/uwespeed/germany/RES_23.0x34.0_0.obj_0.obj,,,3,SQ,UWESPEED
23.0,37.0,residential,DE,objects/uwespeed/germany/RES_23.0x37.0_0.obj_0.obj,,,3,SQ,UWESPEED
24.0,10.0,residential,DE,objects/uwespeed/germany/RES_24.0x10.0_0.obj_0.obj,,,3,SQ,UWESPEED
24.0,13.0,residential,DE,objects/uwespeed/germany/RES_24.0x13.0_0.obj_0.obj,,,2,SQ,UWESPEED
24.0,16.0,residential,DE,objects/uwespeed/germany/RES_24.0x16.0_0.obj_0.obj,,,3,SQ,UWESPEED
24.0,19.0,residential,DE,objects/uwespeed/germany/RES_24.0x19.0_0.obj_0.obj,,,3,SQ,UWESPEED
24.0,22.0,residential,DE,objects/uwespeed/germany/RES_24.0x22.0_0.obj_0.obj,,,3,SQ,UWESPEED
24.0,25.0,residential,DE,objects/uwespeed/germany/RES_24.0x25.0_0.obj_0.obj,,,3,SQ,UWESPEED
24.0,28.0,residential,DE,objects/uwespeed/germany/RES_24.0x28.0_0.obj_0.obj,,,3,SQ,UWESPEED
24.0,31.0,residential,DE,objects/uwespeed/germany/RES_24.0x31.0_0.obj_0.obj,,,2,SQ,UWESPEED
24.0,34.0,residential,DE,objects/uwespeed/germany/RES_24.0x34.0_0.obj_0.obj,,,2,SQ,UWESPEED
24.0,37.0,residential,DE,objects/uwespeed/germany/RES_24.0x37.0_0.obj_0.obj,,,2,SQ,UWESPEED
25.0,10.0,residential,DE,objects/uwespeed/germany/RES_25.0x10.0_0.obj_0.obj,,,3,SQ,UWESPEED
25.0,13.0,residential,DE,objects/uwespeed/germany/RES_25.0x13.0_0.obj_0.obj,,,4,SQ,UWESPEED
25.0,16.0,residential,DE,objects/uwespeed/germany/RES_25.0x16.0_0.obj_0.obj,,,4,SQ,UWESPEED
25.0,19.0,residential,DE,objects/uwespeed/germany/RES_25.0x19.0_0.obj_0.obj,,,4,SQ,UWESPEED
25.0,22.0,residential,DE,objects/uwespeed/germany/RES_25.0x22.0_0.obj_0.obj,,,3,SQ,UWESPEED
25.0,25.0,residential,DE,objects/uwespeed/germany/RES_25.0x25.0_0.obj_0.obj,,,4,SQ,UWESPEED
25.0,28.0,residential,DE,objects/uwespeed/germany/RES_25.0x28.0_0.obj_0.obj,,,3,SQ,UWESPEED
25.0,31.0,residential,DE,objects/uwespeed/germany/RES_25.0x31.0_0.obj_0.obj,,,3,SQ,UWESPEED
25.0,34.0,residential,DE,objects/uwespeed/germany/RES_25.0x34.0_0.obj_0.obj,,,4,SQ,UWESPEED
25.0,37.0,residential,DE,objects/uwespeed/germany/RES_25.0x37.0_0.obj_0.obj,,,3,SQ,UWESPEED
26.0,10.0,residential,DE,objects/uwespeed/germany/RES_26.0x10.0_0.obj_0.obj,,,4,SQ,UWESPEED
26.0,13.0,residential,DE,objects/uwespeed/germany/RES_26.0x13.0_0.obj_0.obj,,,3,SQ,UWESPEED
26.0,16.0,residential,DE,objects/uwespeed/germany/RES_26.0x16.0_0.obj_0.obj,,,4,SQ,UWESPEED
26.0,19.0,residential,DE,objects/uwespeed/germany/RES_26.0x19.0_0.obj_0.obj,,,4,SQ,UWESPEED
26.0,22.0,residential,DE,objects/uwespeed/germany/RES_26.0x22.0_0.obj_0.obj,,,3,SQ,UWESPEED
26.0,25.0,residential,DE,objects/uwespeed/germany/RES_26.0x25.0_0.obj_0.obj,,,4,SQ,UWESPEED
26.0,28.0,residential,DE,objects/uwespeed/germany/RES_26.0x28.0_0.obj_0.obj,,,4,SQ,UWESPEED
26.0,31.0,residential,DE,objects/uwespeed/germany/RES_26.0x31.0_0.obj_0.obj,,,3,SQ,UWESPEED
26.0,34.0,residential,DE,objects/uwespeed/germany/RES_26.0x34.0_0.obj_0.obj,,,4,SQ,UWESPEED
26.0,37.0,residential,DE,objects/uwespeed/germany/RES_26.0x37.0_0.obj_0.obj,,,4,SQ,UWESPEED
27.0,10.0,residential,DE,objects/uwespeed/germany/RES_27.0x10.0_0.obj_0.obj,,,5,SQ,UWESPEED
27.0,13.0,residential,DE,objects/uwespeed/germany/RES_27.0x13.0_0.obj_0.obj,,,3,SQ,UWESPEED
27.0,16.0,residential,DE,objects/uwespeed/germany/RES_27.0x16.0_0.obj_0.obj,,,4,SQ,UWESPEED
27.0,19.0,residential,DE,objects/uwespeed/germany/RES_27.0x19.0_0.obj_0.obj,,,4,SQ,UWESPEED
27.0,22.0,residential,DE,objects/uwespeed/germany/RES_27.0x22.0_0.obj_0.obj,,,4,SQ,UWESPEED
27.0,25.0,residential,DE,objects/uwespeed/germany/RES_27.0x25.0_0.obj_0.obj,,,3,SQ,UWESPEED
27.0,28.0,residential,DE,objects/uwespeed/germany/RES_27.0x28.0_0.obj_0.obj,,,2,SQ,UWESPEED
27.0,31.0,residential,DE,objects/uwespeed/germany/RES_27.0x31.0_0.obj_0.obj,,,3,SQ,UWESPEED
27.0,34.0,residential,DE,objects/uwespeed/germany/RES_27.0x34.0_0.obj_0.obj,,,3,SQ,UWESPEED
27.0,37.0,residential,DE,objects/uwespeed/germany/RES_27.0x37.0_0.obj_0.obj,,,2,SQ,UWESPEED
28.0,10.0,residential,DE,objects/uwespeed/germany/RES_28.0x10.0_0.obj_0.obj,,,3,SQ,UWESPEED
28.0,13.0,residential,DE,objects/uwespeed/germany/RES_28.0x13.0_0.obj_0.obj,,,3,SQ,UWESPEED
28.0,16.0,residential,DE,objects/uwespeed/germany/RES_28.0x16.0_0.obj_0.obj,,,2,SQ,UWESPEED
28.0,19.0,residential,DE,objects/uwespeed/germany/RES_28.0x19.0_0.obj_0.obj,,,3,SQ,UWESPEED
28.0,22.0,residential,DE,objects/uwespeed/germany/RES_28.0x22.0_0.obj_0.obj,,,2,SQ,UWESPEED
28.0,25.0,residential,DE,objects/uwespeed/germany/RES_28.0x25.0_0.obj_0.obj,,,2,SQ,UWESPEED
28.0,28.0,residential,DE,objects/uwespeed/germany/RES_28.0x28.0_0.obj_0.obj,,,2,SQ,UWESPEED
28.0,31.0,residential,DE,objects/uwespeed/germany/RES_28.0x31.0_0.obj_0.obj,,,2,SQ,UWESPEED
28.0,34.0,residential,DE,objects/uwespeed/germany/RES_28.0x34.0_0.obj_0.obj,,,3,SQ,UWESPEED
28.0,37.0,residential,DE,objects/uwespeed/germany/RES_28.0x37.0_0.obj_0.obj,,,2,SQ,UWESPEED
29.0,10.0,residential,DE,objects/uwespeed/germany/RES_29.0x10.0_0.obj_0.obj,,,2,SQ,UWESPEED
29.0,13.0,residential,DE,objects/uwespeed/germany/RES_29.0x13.0_0.obj_0.obj,,,2,SQ,UWESPEED
29.0,16.0,residential,DE,objects/uwespeed/germany/RES_29.0x16.0_0.obj_0.obj,,,3,SQ,UWESPEED
29.0,19.0,residential,DE,objects/uwespeed/germany/RES_29.0x19.0_0.obj_0.obj,,,3,SQ,UWESPEED
29.0,22.0,residential,DE,objects/uwespeed/germany/RES_29.0x22.0_0.obj_0.obj,,,3,SQ,UWESPEED
29.0,25.0,residential,DE,objects/uwespeed/germany/RES_29.0x25.0_0.obj_0.obj,,,2,SQ,UWESPEED
29.0,28.0,residential,DE,objects/uwespeed/germany/RES_29.0x28.0_0.obj_0.obj,,,2,SQ,UWESPEED
29.0,31.0,residential,DE,objects/uwespeed/germany/RES_29.0x31.0_0.obj_0.obj,,,3,SQ,UWESPEED
29.0,34.0,residential,DE,objects/uwespeed/germany/RES_29.0x34.0_0.obj_0.obj,,,3,SQ,UWESPEED
29.0,37.0,residential,DE,objects/uwespeed/germany/RES_29.0x37.0_0.obj_0.obj,,,2,SQ,UWESPEED
30.0,10.0,residential,DE,objects/uwespeed/germany/RES_30.0x10.0_0.obj_0.obj,,,3,SQ,UWESPEED
30.0,13.0,residential,DE,objects/uwespeed/germany/RES_30.0x13.0_0.obj_0.obj,,,5,SQ,UWESPEED
30.0,16.0,residential,DE,objects/uwespeed/germany/RES_30.0x16.0_0.obj_0.obj,,,5,SQ,UWESPEED
30.0,19.0,residential,DE,objects/uwespeed/germany/RES_30.0x19.0_0.obj_0.obj,,,5,SQ,UWESPEED
30.0,22.0,residential,DE,objects/uwespeed/germany/RES_30.0x22.0_0.obj_0.obj,,,4,SQ,UWESPEED
30.0,25.0,residential,DE,objects/uwespeed/germany/RES_30.0x25.0_0.obj_0.obj,,,4,SQ,UWESPEED
30.0,28.0,residential,DE,objects/uwespeed/germany/RES_30.0x28.0_0.obj_0.obj,,,4,SQ,UWESPEED
30.0,31.0,residential,DE,objects/uwespeed/germany/RES_30.0x31.0_0.obj_0.obj,,,4,SQ,UWESPEED
30.0,34.0,residential,DE,objects/uwespeed/germany/RES_30.0x34.0_0.obj_0.obj,,,4,SQ,UWESPEED
30.0,37.0,residential,DE,objects/uwespeed/germany/RES_30.0x37.0_0.obj_0.obj,,,4,SQ,UWESPEED
31.0,10.0,residential,DE,objects/uwespeed/germany/RES_31.0x10.0_0.obj_0.obj,,,5,SQ,UWESPEED
31.0,13.0,residential,DE,objects/uwespeed/germany/RES_31.0x13.0_0.obj_0.obj,,,4,SQ,UWESPEED
31.0,16.0,residential,DE,objects/uwespeed/germany/RES_31.0x16.0_0.obj_0.obj,,,4,SQ,UWESPEED
31.0,19.0,residential,DE,objects/uwespeed/germany/RES_31.0x19.0_0.obj_0.obj,,,4,SQ,UWESPEED
31.0,22.0,residential,DE,objects/uwespeed/germany/RES_31.0x22.0_0.obj_0.obj,,,4,SQ,UWESPEED
31.0,25.0,residential,DE,objects/uwespeed/germany/RES_31.0x25.0_0.obj_0.obj,,,4,SQ,UWESPEED
31.0,28.0,residential,DE,objects/uwespeed/germany/RES_31.0x28.0_0.obj_0.obj,,,4,SQ,UWESPEED
31.0,31.0,residential,DE,objects/uwespeed/germany/RES_31.0x31.0_0.obj_0.obj,,,4,SQ,UWESPEED
31.0,34.0,residential,DE,objects/uwespeed/germany/RES_31.0x34.0_0.obj_0.obj,,,4,SQ,UWESPEED
31.0,37.0,residential,DE,objects/uwespeed/germany/RES_31.0x37.0_0.obj_0.obj,,,4,SQ,UWESPEED
32.0,10.0,residential,DE,objects/uwespeed/germany/RES_32.0x10.0_0.obj_0.obj,,,4,SQ,UWESPEED
32.0,13.0,residential,DE,objects/uwespeed/germany/RES_32.0x13.0_0.obj_0.obj,,,4,SQ,UWESPEED
32.0,16.0,residential,DE,objects/uwespeed/germany/RES_32.0x16.0_0.obj_0.obj,,,5,SQ,UWESPEED
32.0,19.0,residential,DE,objects/uwespeed/germany/RES_32.0x19.0_0.obj_0.obj,,,4,SQ,UWESPEED
32.0,22.0,residential,DE,objects/uwespeed/germany/RES_32.0x22.0_0.obj_0.obj,,,4,SQ,UWESPEED
32.0,25.0,residential,DE,objects/uwespeed/germany/RES_32.0x25.0_0.obj_0.obj,,,5,SQ,UWESPEED
32.0,28.0,residential,DE,objects/uwespeed/germany/RES_32.0x28.0_0.obj_0.obj,,,3,SQ,UWESPEED
32.0,31.0,residential,DE,objects/uwespeed/germany/RES_32.0x31.0_0.obj_0.obj,,,2,SQ,UWESPEED
32.0,34.0,residential,DE,objects/uwespeed/germany/RES_32.0x34.0_0.obj_0.obj,,,2,SQ,UWESPEED
32.0,37.0,residential,DE,objects/uwespeed/germany/RES_32.0x37.0_0.obj_0.obj,,,3,SQ,UWESPEED
33.0,10.0,residential,DE,objects/uwespeed/germany/RES_33.0x10.0_0.obj_0.obj,,,3,SQ,UWESPEED
33.0,13.0,residential,DE,objects/uwespeed/germany/RES_33.0x13.0_0.obj_0.obj,,,2,SQ,UWESPEED
33.0,16.0,residential,DE,objects/uwespeed/germany/RES_33.0x16.0_0.obj_0.obj,,,3,SQ,UWESPEED
33.0,19.0,residential,DE,objects/uwespeed/germany/RES_33.0x19.0_0.obj_0.obj,,,2,SQ,UWESPEED
33.0,22.0,residential,DE,objects/uwespeed/germany/RES_33.0x22.0_0.obj_0.obj,,,2,SQ,UWESPEED
33.0,25.0,residential,DE,objects/uwespeed/germany/RES_33.0x25.0_0.obj_0.obj,,,2,SQ,UWESPEED
33.0,28.0,residential,DE,objects/uwespeed/germany/RES_33.0x28.0_0.obj_0.obj,,,3,SQ,UWESPEED
33.0,31.0,residential,DE,objects/uwespeed/germany/RES_33.0x31.0_0.obj_0.obj,,,3,SQ,UWESPEED
33.0,34.0,residential,DE,objects/uwespeed/germany/RES_33.0x34.0_0.obj_0.obj,,,3,SQ,UWESPEED
33.0,37.0,residential,DE,objects/uwespeed/germany/RES_33.0x37.0_0.obj_0.obj,,,2,SQ,UWESPEED
34.0,10.0,residential,DE,objects/uwespeed/germany/RES_34.0x10.0_0.obj_0.obj,,,2,SQ,UWESPEED
34.0,13.0,residential,DE,objects/uwespeed/germany/RES_34.0x13.0_0.obj_0.obj,,,3,SQ,UWESPEED
34.0,16.0,residential,DE,objects/uwespeed/germany/RES_34.0x16.0_0.obj_0.obj,,,3,SQ,UWESPEED
34.0,19.0,residential,DE,objects/uwespeed/germany/RES_34.0x19.0_0.obj_0.obj,,,2,SQ,UWESPEED
34.0,22.0,residential,DE,objects/uwespeed/germany/RES_34.0x22.0_0.obj_0.obj,,,3,SQ,UWESPEED
34.0,25.0,residential,DE,objects/uwespeed/germany/RES_34.0x25.0_0.obj_0.obj,,,3,SQ,UWESPEED
34.0,28.0,residential,DE,objects/uwespeed/germany/RES_34.0x28.0_0.obj_0.obj,,,2,SQ,UWESPEED
34.0,31.0,residential,DE,objects/uwespeed/germany/RES_34.0x31.0_0.obj_0.obj,,,3,SQ,UWESPEED
34.0,34.0,residential,DE,objects/uwespeed/germany/RES_34.0x34.0_0.obj_0.obj,,,3,SQ,UWESPEED
34.0,37.0,residential,DE,objects/uwespeed/germany/RES_34.0x37.0_0.obj_0.obj,,,2,SQ,UWESPEED
35.0,10.0,residential,DE,objects/uwespeed/germany/RES_35.0x10.0_0.obj_0.obj,,,3,SQ,UWESPEED
35.0,13.0,residential,DE,objects/uwespeed/germany/RES_35.0x13.0_0.obj_0.obj,,,2,SQ,UWESPEED
35.0,16.0,residential,DE,objects/uwespeed/germany/RES_35.0x16.0_0.obj_0.obj,,,3,SQ,UWESPEED
35.0,19.0,residential,DE,objects/uwespeed/germany/RES_35.0x19.0_0.obj_0.obj,,,3,SQ,UWESPEED
35.0,22.0,residential,DE,objects/uwespeed/germany/RES_35.0x22.0_0.obj_0.obj,,,2,SQ,UWESPEED
35.0,25.0,residential,DE,objects/uwespeed/germany/RES_35.0x25.0_0.obj_0.obj,,,2,SQ,UWESPEED
35.0,28.0,residential,DE,objects/uwespeed/germany/RES_35.0x28.0_0.obj_0.obj,,,3,SQ,UWESPEED
35.0,31.0,residential,DE,objects/uwespeed/germany/RES_35.0x31.0_0.obj_0.obj,,,2,SQ,UWESPEED
35.0,34.0,residential,DE,objects/uwespeed/germany/RES_35.0x34.0_0.obj_0.obj,,,3,SQ,UWESPEED
35.0,37.0,residential,DE,objects/uwespeed/germany/RES_35.0x37.0_0.obj_0.obj,,,2,SQ,UWESPEED
36.0,10.0,residential,DE,objects/uwespeed/germany/RES_36.0x10.0_0.obj_0.obj,,,3,SQ,UWESPEED
36.0,13.0,residential,DE,objects/uwespeed/germany/RES_36.0x13.0_0.obj_0.obj,,,2,SQ,UWESPEED
36.0,16.0,residential,DE,objects/uwespeed/germany/RES_36.0x16.0_0.obj_0.obj,,,3,SQ,UWESPEED
36.0,19.0,residential,DE,objects/uwespeed/germany/RES_36.0x19.0_0.obj_0.obj,,,2,SQ,UWESPEED
36.0,22.0,residential,DE,objects/uwespeed/germany/RES_36.0x22.0_0.obj_0.obj,,,2,SQ,UWESPEED
36.0,25.0,residential,DE,objects/uwespeed/germany/RES_36.0x25.0_0.obj_0.obj,,,3,SQ,UWESPEED
36.0,28.0,residential,DE,objects/uwespeed/germany/RES_36.0x28.0_0.obj_0.obj,,,2,SQ,UWESPEED
36.0,31.0,residential,DE,objects/uwespeed/germany/RES_36.0x31.0_0.obj_0.obj,,,2,SQ,UWESPEED
36.0,34.0,residential,DE,objects/uwespeed/germany/RES_36.0x34.0_0.obj_0.obj,,,2,SQ,UWESPEED
36.0,37.0,residential,DE,objects/uwespeed/germany/RES_36.0x37.0_0.obj_0.obj,,,2,SQ,UWESPEED
37.0,10.0,residential,DE,objects/uwespeed/germany/RES_37.0x10.0_0.obj_0.obj,,,3,SQ,UWESPEED
37.0,13.0,residential,DE,objects/uwespeed/germany/RES_37.0x13.0_0.obj_0.obj,,,2,SQ,UWESPEED
37.0,16.0,residential,DE,objects/uwespeed/germany/RES_37.0x16.0_0.obj_0.obj,,,3,SQ,UWESPEED
37.0,19.0,residential,DE,objects/uwespeed/germany/RES_37.0x19.0_0.obj_0.obj,,,2,SQ,UWESPEED
37.0,22.0,residential,DE,objects/uwespeed/germany/RES_37.0x22.0_0.obj_0.obj,,,2,SQ,UWESPEED
37.0,25.0,residential,DE,objects/uwespeed/germany/RES_37.0x25.0_0.obj_0.obj,,,3,SQ,UWESPEED
37.0,28.0,residential,DE,objects/uwespeed/germany/RES_37.0x28.0_0.obj_0.obj,,,4,SQ,UWESPEED
37.0,31.0,residential,DE,objects/uwespeed/germany/RES_37.0x31.0_0.obj_0.obj,,,5,SQ,UWESPEED
37.0,34.0,residential,DE,objects/uwespeed/germany/RES_37.0x34.0_0.obj_0.obj,,,4,SQ,UWESPEED
37.0,37.0,residential,DE,objects/uwespeed/germany/RES_37.0x37.0_0.obj_0.obj,,,5,SQ,UWESPEED
38.0,10.0,residential,DE,objects/uwespeed/germany/RES_38.0x10.0_0.obj_0.obj,,,4,SQ,UWESPEED
38.0,13.0,residential,DE,objects/uwespeed/germany/RES_38.0x13.0_0.obj_0.obj,,,4,SQ,UWESPEED
38.0,16.0,residential,DE,objects/uwespeed/germany/RES_38.0x16.0_0.obj_0.obj,,,5,SQ,UWESPEED
38.0,19.0,residential,DE,objects/uwespeed/germany/RES_38.0x19.0_0.obj_0.obj,,,4,SQ,UWESPEED
38.0,22.0,residential,DE,objects/uwespeed/germany/RES_38.0x22.0_0.obj_0.obj,,,5,SQ,UWESPEED
38.0,25.0,residential,DE,objects/uwespeed/germany/RES_38.0x25.0_0.obj_0.obj,,,4,SQ,UWESPEED
38.0,28.0,residential,DE,objects/uwespeed/germany/RES_38.0x28.0_0.obj_0.obj,,,4,SQ,UWESPEED
38.0,31.0,residential,DE,objects/uwespeed/germany/RES_38.0x31.0_0.obj_0.obj,,,4,SQ,UWESPEED
38.0,34.0,residential,DE,objects/uwespeed/germany/RES_38.0x34.0_0.obj_0.obj,,,4,SQ,UWESPEED
38.0,37.0,residential,DE,objects/uwespeed/germany/RES_38.0x37.0_0.obj_0.obj,,,4,SQ,UWESPEED
39.0,10.0,residential,DE,objects/uwespeed/germany/RES_39.0x10.0_0.obj_0.obj,,,4,SQ,UWESPEED
39.0,13.0,residential,DE,objects/uwespeed/germany/RES_39.0x13.0_0.obj_0.obj,,,4,SQ,UWESPEED
39.0,16.0,residential,DE,objects/uwespeed/germany/RES_39.0x16.0_0.obj_0.obj,,,5,SQ,UWESPEED
39.0,19.0,residential,DE,objects/uwespeed/germany/RES_39.0x19.0_0.obj_0.obj,,,5,SQ,UWESPEED
39.0,22.0,residential,DE,objects/uwespeed/germany/RES_39.0x22.0_0.obj_0.obj,,,4,SQ,UWESPEED
39.0,25.0,residential,DE,objects/uwespeed/germany/RES_39.0x25.0_0.obj_0.obj,,,4,SQ,UWESPEED
39.0,28.0,residential,DE,objects/uwespeed/germany/RES_39.0x28.0_0.obj_0.obj,,,4,SQ,UWESPEED
39.0,31.0,residential,DE,objects/uwespeed/germany/RES_39.0x31.0_0.obj_0.obj,,,4,SQ,UWESPEED
39.0,34.0,residential,DE,objects/uwespeed/germany/RES_39.0x34.0_0.obj_0.obj,,,4,SQ,UWESPEED
39.0,37.0,residential,DE,objects/uwespeed/germany/RES_39.0x37.0_0.obj_0.obj,,,4,SQ,UWESPEED
40.0,10.0,residential,DE,objects/uwespeed/germany/RES_40.0x10.0_0.obj_0.obj,,,4,SQ,UWESPEED
40.0,13.0,residential,DE,objects/uwespeed/germany/RES_40.0x13.0_0.obj_0.obj,,,4,SQ,UWESPEED
40.0,16.0,residential,DE,objects/uwespeed/germany/RES_40.0x16.0_0.obj_0.obj,,,4,SQ,UWESPEED
40.0,19.0,residential,DE,objects/uwespeed/germany/RES_40.0x19.0_0.obj_0.obj,,,3,SQ,UWESPEED
40.0,22.0,residential,DE,objects/uwespeed/germany/RES_40.0x22.0_0.obj_0.obj,,,4,SQ,UWESPEED
40.0,25.0,residential,DE,objects/uwespeed/germany/RES_40.0x25.0_0.obj_0.obj,,,4,SQ,UWESPEED
40.0,28.0,residential,DE,objects/uwespeed/germany/RES_40.0x28.0_0.obj_0.obj,,,4,SQ,UWESPEED
40.0,31.0,residential,DE,objects/uwespeed/germany/RES_40.0x31.0_0.obj_0.obj,,,4,SQ,UWESPEED
40.0,34.0,residential,DE,objects/uwespeed/germany/RES_40.0x34.0_0.obj_0.obj,,,3,SQ,UWESPEED
40.0,37.0,residential,DE,objects/uwespeed/germany/RES_40.0x37.0_0.obj_0.obj,,,3,SQ,UWESPEED
41.0,10.0,residential,DE,objects/uwespeed/germany/RES_41.0x10.0_0.obj_0.obj,,,3,SQ,UWESPEED
41.0,13.0,residential,DE,objects/uwespeed/germany/RES_41.0x13.0_0.obj_0.obj,,,4,SQ,UWESPEED
41.0,16.0,residential,DE,objects/uwespeed/germany/RES_41.0x16.0_0.obj_0.obj,,,4,SQ,UWESPEED
41.0,19.0,residential,DE,objects/uwespeed/germany/RES_41.0x19.0_0.obj_0.obj,,,3,SQ,UWESPEED
41.0,22.0,residential,DE,objects/uwespeed/germany/RES_41.0x22.0_0.obj_0.obj,,,4,SQ,UWESPEED
41.0,25.0,residential,DE,objects/uwespeed/germany/RES_41.0x25.0_0.obj_0.obj,,,4,SQ,UWESPEED
41.0,28.0,residential,DE,objects/uwespeed/germany/RES_41.0x28.0_0.obj_0.obj,,,4,SQ,UWESPEED
41.0,31.0,residential,DE,objects/uwespeed/germany/RES_41.0x31.0_0.obj_0.obj,,,3,SQ,UWESPEED
41.0,34.0,residential,DE,objects/uwespeed/germany/RES_41.0x34.0_0.obj_0.obj,,,5,SQ,UWESPEED
41.0,37.0,residential,DE,objects/uwespeed/germany/RES_41.0x37.0_0.obj_0.obj,,,3,SQ,UWESPEED
42.0,10.0,residential,DE,objects/uwespeed/germany/RES_42.0x10.0_0.obj_0.obj,,,4,SQ,UWESPEED
42.0,13.0,residential,DE,objects/uwespeed/germany/RES_42.0x13.0_0.obj_0.obj,,,4,SQ,UWESPEED
42.0,16.0,residential,DE,objects/uwespeed/germany/RES_42.0x16.0_0.obj_0.obj,,,5,SQ,UWESPEED
42.0,19.0,residential,DE,objects/uwespeed/germany/RES_42.0x19.0_0.obj_0.obj,,,4,SQ,UWESPEED
42.0,22.0,residential,DE,objects/uwespeed/germany/RES_42.0x22.0_0.obj_0.obj,,,4,SQ,UWESPEED
42.0,25.0,residential,DE,objects/uwespeed/germany/RES_42.0x25.0_0.obj_0.obj,,,4,SQ,UWESPEED
42.0,28.0,residential,DE,objects/uwespeed/germany/RES_42.0x28.0_0.obj_0.obj,,,4,SQ,UWESPEED
42.0,31.0,residential,DE,objects/uwespeed/germany/RES_42.0x31.0_0.obj_0.obj,,,4,SQ,UWESPEED
42.0,34.0,residential,DE,objects/uwespeed/germany/RES_42.0x34.0_0.obj_0.obj,,,5,SQ,UWESPEED
42.0,37.0,residential,DE,objects/uwespeed/germany/RES_42.0x37.0_0.obj_0.obj,,,4,SQ,UWESPEED
43.0,10.0,residential,DE,objects/uwespeed/germany/RES_43.0x10.0_0.obj_0.obj,,,4,SQ,UWESPEED
43.0,13.0,residential,DE,objects/uwespeed/germany/RES_43.0x13.0_0.obj_0.obj,,,5,SQ,UWESPEED
43.0,16.0,residential,DE,objects/uwespeed/germany/RES_43.0x16.0_0.obj_0.obj,,,5,SQ,UWESPEED
43.0,19.0,residential,DE,objects/uwespeed/germany/RES_43.0x19.0_0.obj_0.obj,,,4,SQ,UWESPEED
43.0,22.0,residential,DE,objects/uwespeed/germany/RES_43.0x22.0_0.obj_0.obj,,,4,SQ,UWESPEED
43.0,25.0,residential,DE,objects/uwespeed/germany/RES_43.0x25.0_0.obj_0.obj,,,4,SQ,UWESPEED
43.0,28.0,residential,DE,objects/uwespeed/germany/RES_43.0x28.0_0.obj_0.obj,,,5,SQ,UWESPEED
43.0,31.0,residential,DE,objects/uwespeed/germany/RES_43.0x31.0_0.obj_0.obj,,,4,SQ,UWESPEED
43.0,34.0,residential,DE,objects/uwespeed/germany/RES_43.0x34.0_0.obj_0.obj,,,4,SQ,UWESPEED
43.0,37.0,residential,DE,objects/uwespeed/germany/RES_43.0x37.0_0.obj_0.obj,,,4,SQ,UWESPEED
44.0,10.0,residential,DE,objects/uwespeed/germany/RES_44.0x10.0_0.obj_0.obj,,,5,SQ,UWESPEED
44.0,13.0,residential,DE,objects/uwespeed/germany/RES_44.0x13.0_0.obj_0.obj,,,4,SQ,UWESPEED
44.0,16.0,residential,DE,objects/uwespeed/germany/RES_44.0x16.0_0.obj_0.obj,,,5,SQ,UWESPEED
44.0,19.0,residential,DE,objects/uwespeed/germany/RES_44.0x19.0_0.obj_0.obj,,,4,SQ,UWESPEED
44.0,22.0,residential,DE,objects/uwespeed/germany/RES_44.0x22.0_0.obj_0.obj,,,5,SQ,UWESPEED
44.0,25.0,residential,DE,objects/uwespeed/germany/RES_44.0x25.0_0.obj_0.obj,,,5,SQ,UWESPEED
44.0,28.0,residential,DE,objects/uwespeed/germany/RES_44.0x28.0_0.obj_0.obj,,,4,SQ,UWESPEED
44.0,31.0,residential,DE,objects/uwespeed/germany/RES_44.0x31.0_0.obj_0.obj,,,5,SQ,UWESPEED
44.0,34.0,residential,DE,objects/uwespeed/germany/RES_44.0x34.0_0.obj_0.obj,,,4,SQ,UWESPEED
44.0,37.0,residential,DE,objects/uwespeed/germany/RES_44.0x37.0_0.obj_0.obj,,,4,SQ,UWESPEED
45.0,10.0,residential,DE,objects/uwespeed/germany/RES_45.0x10.0_0.obj_0.obj,,,4,SQ,UWESPEED
45.0,13.0,residential,DE,objects/uwespeed/germany/RES_45.0x13.0_0.obj_0.obj,,,5,SQ,UWESPEED
45.0,16.0,residential,DE,objects/uwespeed/germany/RES_45.0x16.0_0.obj_0.obj,,,5,SQ,UWESPEED
45.0,19.0,residential,DE,objects/uwespeed/germany/RES_45.0x19.0_0.obj_0.obj,,,5,SQ,UWESPEED
45.0,22.0,residential,DE,objects/uwespeed/germany/RES_45.0x22.0_0.obj_0.obj,,,5,SQ,UWESPEED
45.0,25.0,residential,DE,objects/uwespeed/germany/RES_45.0x25.0_0.obj_0.obj,,,5,SQ,UWESPEED
45.0,28.0,residential,DE,objects/uwespeed/germany/RES_45.0x28.0_0.obj_0.obj,,,5,SQ,UWESPEED
45.0,31.0,residential,DE,objects/uwespeed/germany/RES_45.0x31.0_0.obj_0.obj,,,5,SQ,UWESPEED
45.0,34.0,residential,DE,objects/uwespeed/germany/RES_45.0x34.0_0.obj_0.obj,,,6,SQ,UWESPEED
45.0,37.0,residential,DE,objects/uwespeed/germany/RES_45.0x37.0_0.obj_0.obj,,,5,SQ,UWESPEED
46.0,10.0,residential,DE,objects/uwespeed/germany/RES_46.0x10.0_0.obj_0.obj,,,5,SQ,UWESPEED
46.0,13.0,residential,DE,objects/uwespeed/germany/RES_46.0x13.0_0.obj_0.obj,,,5,SQ,UWESPEED
46.0,16.0,residential,DE,objects/uwespeed/germany/RES_46.0x16.0_0.obj_0.obj,,,5,SQ,UWESPEED
46.0,19.0,residential,DE,objects/uwespeed/germany/RES_46.0x19.0_0.obj_0.obj,,,6,SQ,UWESPEED
46.0,22.0,residential,DE,objects/uwespeed/germany/RES_46.0x22.0_0.obj_0.obj,,,5,SQ,UWESPEED
46.0,25.0,residential,DE,objects/uwespeed/germany/RES_46.0x25.0_0.obj_0.obj,,,5,SQ,UWESPEED
46.0,28.0,residential,DE,objects/uwespeed/germany/RES_46.0x28.0_0.obj_0.obj,,,5,SQ,UWESPEED
46.0,31.0,residential,DE,objects/uwespeed/germany/RES_46.0x31.0_0.obj_0.obj,,,6,SQ,UWESPEED
46.0,34.0,residential,DE,objects/uwespeed/germany/RES_46.0x34.0_0.obj_0.obj,,,5,SQ,UWESPEED
46.0,37.0,residential,DE,objects/uwespeed/germany/RES_46.0x37.0_0.obj_0.obj,,,5,SQ,UWESPEED
47.0,10.0,residential,DE,objects/uwespeed/germany/RES_47.0x10.0_0.obj_0.obj,,,4,SQ,UWESPEED
47.0,13.0,residential,DE,objects/uwespeed/germany/RES_47.0x13.0_0.obj_0.obj,,,5,SQ,UWESPEED
47.0,16.0,residential,DE,objects/uwespeed/germany/RES_47.0x16.0_0.obj_0.obj,,,5,SQ,UWESPEED
47.0,19.0,residential,DE,objects/uwespeed/germany/RES_47.0x19.0_0.obj_0.obj,,,5,SQ,UWESPEED
47.0,22.0,residential,DE,objects/uwespeed/germany/RES_47.0x22.0_0.obj_0.obj,,,5,SQ,UWESPEED
47.0,25.0,residential,DE,objects/uwespeed/germany/RES_47.0x25.0_0.obj_0.obj,,,5,SQ,UWESPEED
47.0,28.0,residential,DE,objects/uwespeed/germany/RES_47.0x28.0_0.obj_0.obj,,,3,SQ,UWESPEED
47.0,31.0,residential,DE,objects/uwespeed/germany/RES_47.0x31.0_0.obj_0.obj,,,3,SQ,UWESPEED
47.0,34.0,residential,DE,objects/uwespeed/germany/RES_47.0x34.0_0.obj_0.obj,,,3,SQ,UWESPEED
47.0,37.0,residential,DE,objects/uwespeed/germany/RES_47.0x37.0_0.obj_0.obj,,,4,SQ,UWESPEED
48.0,10.0,residential,DE,objects/uwespeed/germany/RES_48.0x10.0_0.obj_0.obj,,,3,SQ,UWESPEED
48.0,13.0,residential,DE,objects/uwespeed/germany/RES_48.0x13.0_0.obj_0.obj,,,4,SQ,UWESPEED
48.0,16.0,residential,DE,objects/uwespeed/germany/RES_48.0x16.0_0.obj_0.obj,,,4,SQ,UWESPEED
48.0,19.0,residential,DE,objects/uwespeed/germany/RES_48.0x19.0_0.obj_0.obj,,,3,SQ,UWESPEED
48.0,22.0,residential,DE,objects/uwespeed/germany/RES_48.0x22.0_0.obj_0.obj,,,4,SQ,UWESPEED
48.0,25.0,residential,DE,objects/uwespeed/germany/RES_48.0x25.0_0.obj_0.obj,,,4,SQ,UWESPEED
48.0,28.0,residential,DE,objects/uwespeed/germany/RES_48.0x28.0_0.obj_0.obj,,,3,SQ,UWESPEED
48.0,31.0,residential,DE,objects/uwespeed/germany/RES_48.0x31.0_0.obj_0.obj,,,4,SQ,UWESPEED
48.0,34.0,residential,DE,objects/uwespeed/germany/RES_48.0x34.0_0.obj_0.obj,,,3,SQ,UWESPEED
48.0,37.0,residential,DE,objects/uwespeed/germany/RES_48.0x37.0_0.obj_0.obj,,,3,SQ,UWESPEED
49.0,10.0,residential,DE,objects/uwespeed/germany/RES_49.0x10.0_0.obj_0.obj,,,3,SQ,UWESPEED
49.0,13.0,residential,DE,objects/uwespeed/germany/RES_49.0x13.0_0.obj_0.obj,,,3,SQ,UWESPEED
49.0,16.0,residential,DE,objects/uwespeed/germany/RES_49.0x16.0_0.obj_0.obj,,,4,SQ,UWESPEED
49.0,19.0,residential,DE,objects/uwespeed/germany/RES_49.0x19.0_0.obj_0.obj,,,3,SQ,UWESPEED
49.0,22.0,residential,DE,objects/uwespeed/germany/RES_49.0x22.0_0.obj_0.obj,,,4,SQ,UWESPEED
49.0,25.0,residential,DE,objects/uwespeed/germany/RES_49.0x25.0_0.obj_0.obj,,,3,SQ,UWESPEED
49.0,28.0,residential,DE,objects/uwespeed/germany/RES_49.0x28.0_0.obj_0.obj,,,4,SQ,UWESPEED
49.0,31.0,residential,DE,objects/uwespeed/germany/RES_49.0x31.0_0.obj_0.obj,,,3,SQ,UWESPEED
49.0,34.0,residential,DE,objects/uwespeed/germany/RES_49.0x34.0_0.obj_0.obj,,,3,SQ,UWESPEED
49.0,37.0,residential,DE,objects/uwespeed/germany/RES_49.0x37.0_0.obj_0.obj,,,4,SQ,UWESPEED
50.0,10.0,residential,DE,objects/uwespeed/germany/RES_50.0x10.0_0.obj_0.obj,,,4,SQ,UWESPEED
50.0,13.0,residential,DE,objects/uwespeed/germany/RES_50.0x13.0_0.obj_0.obj,,,4,SQ,UWESPEED
50.0,16.0,residential,DE,objects/uwespeed/germany/RES_50.0x16.0_0.obj_0.obj,,,4,SQ,UWESPEED
50.0,19.0,residential,DE,objects/uwespeed/germany/RES_50.0x19.0_0.obj_0.obj,,,3,SQ,UWESPEED
50.0,22.0,residential,DE,objects/uwespeed/germany/RES_50.0x22.0_0.obj_0.obj,,,3,SQ,UWESPEED
50.0,25.0,residential,DE,objects/uwespeed/germany/RES_50.0x25.0_0.obj_0.obj,,,4,SQ,UWESPEED
50.0,28.0,residential,DE,objects/uwespeed/germany/RES_50.0x28.0_0.obj_0.obj,,,4,SQ,UWESPEED
50.0,31.0,residential,DE,objects/uwespeed/germany/RES_50.0x31.0_0.obj_0.obj,,,3,SQ,UWESPEED
50.0,34.0,residential,DE,objects/uwespeed/germany/RES_50.0x34.0_0.obj_0.obj,,,3,SQ,UWESPEED
50.0,37.0,residential,DE,objects/uwespeed/germany/RES_50.0x37.0_0.obj_0.obj,,,3,SQ,UWESPEED
51.0,10.0,residential,DE,objects/uwespeed/germany/RES_51.0x10.0_0.obj_0.obj,,,3,SQ,UWESPEED
51.0,13.0,residential,DE,objects/uwespeed/germany/RES_51.0x13.0_0.obj_0.obj,,,4,SQ,UWESPEED
51.0,16.0,residential,DE,objects/uwespeed/germany/RES_51.0x16.0_0.obj_0.obj,,,4,SQ,UWESPEED
51.0,19.0,residential,DE,objects/uwespeed/germany/RES_51.0x19.0_0.obj_0.obj,,,3,SQ,UWESPEED
51.0,22.0,residential,DE,objects/uwespeed/germany/RES_51.0x22.0_0.obj_0.obj,,,3,SQ,UWESPEED
51.0,25.0,residential,DE,objects/uwespeed/germany/RES_51.0x25.0_0.obj_0.obj,,,3,SQ,UWESPEED
51.0,28.0,residential,DE,objects/uwespeed/germany/RES_51.0x28.0_0.obj_0.obj,,,3,SQ,UWESPEED
51.0,31.0,residential,DE,objects/uwespeed/germany/RES_51.0x31.0_0.obj_0.obj,,,4,SQ,UWESPEED
51.0,34.0,residential,DE,objects/uwespeed/germany/RES_51.0x34.0_0.obj_0.obj,,,3,SQ,UWESPEED
51.0,37.0,residential,DE,objects/uwespeed/germany/RES_51.0x37.0_0.obj_0.obj,,,4,SQ,UWESPEED
52.0,10.0,residential,DE,objects/uwespeed/germany/RES_52.0x10.0_0.obj_0.obj,,,4,SQ,UWESPEED
52.0,13.0,residential,DE,objects/uwespeed/germany/RES_52.0x13.0_0.obj_0.obj,,,4,SQ,UWESPEED
52.0,16.0,residential,DE,objects/uwespeed/germany/RES_52.0x16.0_0.obj_0.obj,,,4,SQ,UWESPEED
52.0,19.0,residential,DE,objects/uwespeed/germany/RES_52.0x19.0_0.obj_0.obj,,,4,SQ,UWESPEED
52.0,22.0,residential,DE,objects/uwespeed/germany/RES_52.0x22.0_0.obj_0.obj,,,4,SQ,UWESPEED
52.0,25.0,residential,DE,objects/uwespeed/germany/RES_52.0x25.0_0.obj_0.obj,,,3,SQ,UWESPEED
52.0,28.0,residential,DE,objects/uwespeed/germany/RES_52.0x28.0_0.obj_0.obj,,,3,SQ,UWESPEED
52.0,31.0,residential,DE,objects/uwespeed/germany/RES_52.0x31.0_0.obj_0.obj,,,3,SQ,UWESPEED
52.0,34.0,residential,DE,objects/uwespeed/germany/RES_52.0x34.0_0.obj_0.obj,,,4,SQ,UWESPEED
52.0,37.0,residential,DE,objects/uwespeed/germany/RES_52.0x37.0_0.obj_0.obj,,,4,SQ,UWESPEED
53.0,10.0,residential,DE,objects/uwespeed/germany/RES_53.0x10.0_0.obj_0.obj,,,4,SQ,UWESPEED
53.0,13.0,residential,DE,objects/uwespeed/germany/RES_53.0x13.0_0.obj_0.obj,,,3,SQ,UWESPEED
53.0,16.0,residential,DE,objects/uwespeed/germany/RES_53.0x16.0_0.obj_0.obj,,,4,SQ,UWESPEED
53.0,19.0,residential,DE,objects/uwespeed/germany/RES_53.0x19.0_0.obj_0.obj,,,4,SQ,UWESPEED
53.0,22.0,residential,DE,objects/uwespeed/germany/RES_53.0x22.0_0.obj_0.obj,,,4,SQ,UWESPEED
53.0,25.0,residential,DE,objects/uwespeed/germany/RES_53.0x25.0_0.obj_0.obj,,,3,SQ,UWESPEED
53.0,28.0,residential,DE,objects/uwespeed/germany/RES_53.0x28.0_0.obj_0.obj,,,4,SQ,UWESPEED
53.0,31.0,residential,DE,objects/uwespeed/germany/RES_53.0x31.0_0.obj_0.obj,,,3,SQ,UWESPEED
53.0,34.0,residential,DE,objects/uwespeed/germany/RES_53.0x34.0_0.obj_0.obj,,,3,SQ,UWESPEED
53.0,37.0,residential,DE,objects/uwespeed/germany/RES_53.0x37.0_0.obj_0.obj,,,4,SQ,UWESPEED
54.0,10.0,residential,DE,objects/uwespeed/germany/RES_54.0x10.0_0.obj_0.obj,,,3,SQ,UWESPEED
54.0,13.0,residential,DE,objects/uwespeed/germany/RES_54.0x13.0_0.obj_0.obj,,,4,SQ,UWESPEED
54.0,16.0,residential,DE,objects/uwespeed/germany/RES_54.0x16.0_0.obj_0.obj,,,3,SQ,UWESPEED
54.0,19.0,residential,DE,objects/uwespeed/germany/RES_54.0x19.0_0.obj_0.obj,,,3,SQ,UWESPEED
54.0,22.0,residential,DE,objects/uwespeed/germany/RES_54.0x22.0_0.obj_0.obj,,,4,SQ,UWESPEED
54.0,25.0,residential,DE,objects/uwespeed/germany/RES_54.0x25.0_0.obj_0.obj,,,3,SQ,UWESPEED
54.0,28.0,residential,DE,objects/uwespeed/germany/RES_54.0x28.0_0.obj_0.obj,,,4,SQ,UWESPEED
54.0,31.0,residential,DE,objects/uwespeed/germany/RES_54.0x31.0_0.obj_0.obj,,,3,SQ,UWESPEED
54.0,34.0,residential,DE,objects/uwespeed/germany/RES_54.0x34.0_0.obj_0.obj,,,3,SQ,UWESPEED
54.0,37.0,residential,DE,objects/uwespeed/germany/RES_54.0x37.0_0.obj_0.obj,,,3,SQ,UWESPEED
55.0,10.0,residential,DE,objects/uwespeed/germany/RES_55.0x10.0_0.obj_0.obj,,,4,SQ,UWESPEED
55.0,13.0,residential,DE,objects/uwespeed/germany/RES_55.0x13.0_0.obj_0.obj,,,4,SQ,UWESPEED
55.0,16.0,residential,DE,objects/uwespeed/germany/RES_55.0x16.0_0.obj_0.obj,,,3,SQ,UWESPEED
55.0,19.0,residential,DE,objects/uwespeed/germany/RES_55.0x19.0_0.obj_0.obj,,,4,SQ,UWESPEED
55.0,22.0,residential,DE,objects/uwespeed/germany/RES_55.0x22.0_0.obj_0.obj,,,4,SQ,UWESPEED
55.0,25.0,residential,DE,objects/uwespeed/germany/RES_55.0x25.0_0.obj_0.obj,,,3,SQ,UWESPEED
55.0,28.0,residential,DE,objects/uwespeed/germany/RES_55.0x28.0_0.obj_0.obj,,,4,SQ,UWESPEED
55.0,31.0,residential,DE,objects/uwespeed/germany/RES_55.0x31.0_0.obj_0.obj,,,4,SQ,UWESPEED
55.0,34.0,residential,DE,objects/uwespeed/germany/RES_55.0x34.0_0.obj_0.obj,,,4,SQ,UWESPEED
55.0,37.0,residential,DE,objects/uwespeed/germany/RES_55.0x37.0_0.obj_0.obj,,,3,SQ,UWESPEED
56.0,10.0,residential,DE,objects/uwespeed/germany/RES_56.0x10.0_0.obj_0.obj,,,4,SQ,UWESPEED
56.0,13.0,residential,DE,objects/uwespeed/germany/RES_56.0x13.0_0.obj_0.obj,,,4,SQ,UWESPEED
56.0,16.0,residential,DE,objects/uwespeed/germany/RES_56.0x16.0_0.obj_0.obj,,,3,SQ,UWESPEED
56.0,19.0,residential,DE,objects/uwespeed/germany/RES_56.0x19.0_0.obj_0.obj,,,3,SQ,UWESPEED
56.0,22.0,residential,DE,objects/uwespeed/germany/RES_56.0x22.0_0.obj_0.obj,,,4,SQ,UWESPEED
56.0,25.0,residential,DE,objects/uwespeed/germany/RES_56.0x25.0_0.obj_0.obj,,,3,SQ,UWESPEED
56.0,28.0,residential,DE,objects/uwespeed/germany/RES_56.0x28.0_0.obj_0.obj,,,4,SQ,UWESPEED
56.0,31.0,residential,DE,objects/uwespeed/germany/RES_56.0x31.0_0.obj_0.obj,,,3,SQ,UWESPEED
56.0,34.0,residential,DE,objects/uwespeed/germany/RES_56.0x34.0_0.obj_0.obj,,,3,SQ,UWESPEED
56.0,37.0,residential,DE,objects/uwespeed/germany/RES_56.0x37.0_0.obj_0.obj,,,3,SQ,UWESPEED
57.0,10.0,residential,DE,objects/uwespeed/germany/RES_57.0x10.0_0.obj_0.obj,,,4,SQ,UWESPEED
57.0,13.0,residential,DE,objects/uwespeed/germany/RES_57.0x13.0_0.obj_0.obj,,,4,SQ,UWESPEED
57.0,16.0,residential,DE,objects/uwespeed/germany/RES_57.0x16.0_0.obj_0.obj,,,3,SQ,UWESPEED
57.0,19.0,residential,DE,objects/uwespeed/germany/RES_57.0x19.0_0.obj_0.obj,,,3,SQ,UWESPEED
57.0,22.0,residential,DE,objects/uwespeed/germany/RES_57.0x22.0_0.obj_0.obj,,,3,SQ,UWESPEED
57.0,25.0,residential,DE,objects/uwespeed/germany/RES_57.0x25.0_0.obj_0.obj,,,4,SQ,UWESPEED
57.0,28.0,residential,DE,objects/uwespeed/germany/RES_57.0x28.0_0.obj_0.obj,,,3,SQ,UWESPEED
57.0,31.0,residential,DE,objects/uwespeed/germany/RES_57.0x31.0_0.obj_0.obj,,,4,SQ,UWESPEED
57.0,34.0,residential,DE,objects/uwespeed/germany/RES_57.0x34.0_0.obj_0.obj,,,3,SQ,UWESPEED
57.0,37.0,residential,DE,objects/uwespeed/germany/RES_57.0x37.0_0.obj_0.obj,,,4,SQ,UWESPEED
58.0,10.0,residential,DE,objects/uwespeed/germany/RES_58.0x10.0_0.obj_0.obj,,,4,SQ,UWESPEED
58.0,13.0,residential,DE,objects/uwespeed/germany/RES_58.0x13.0_0.obj_0.obj,,,4,SQ,UWESPEED
58.0,16.0,residential,DE,objects/uwespeed/germany/RES_58.0x16.0_0.obj_0.obj,,,3,SQ,UWESPEED
58.0,19.0,residential,DE,objects/uwespeed/germany/RES_58.0x19.0_0.obj_0.obj,,,3,SQ,UWESPEED
58.0,22.0,residential,DE,objects/uwespeed/germany/RES_58.0x22.0_0.obj_0.obj,,,3,SQ,UWESPEED
58.0,25.0,residential,DE,objects/uwespeed/germany/RES_58.0x25.0_0.obj_0.obj,,,4,SQ,UWESPEED
58.0,28.0,residential,DE,objects/uwespeed/germany/RES_58.0x28.0_0.obj_0.obj,,,3,SQ,UWESPEED
58.0,31.0,residential,DE,objects/uwespeed/germany/RES_58.0x31.0_0.obj_0.obj,,,4,SQ,UWESPEED
58.0,34.0,residential,DE,objects/uwespeed/germany/RES_58.0x34.0_0.obj_0.obj,,,3,SQ,UWESPEED
58.0,37.0,residential,DE,objects/uwespeed/germany/RES_58.0x37.0_0.obj_0.obj,,,4,SQ,UWESPEED
59.0,10.0,residential,DE,objects/uwespeed/germany/RES_59.0x10.0_0.obj_0.obj,,,4,SQ,UWESPEED
59.0,13.0,residential,DE,objects/uwespeed/germany/RES_59.0x13.0_0.obj_0.obj,,,4,SQ,UWESPEED
59.0,16.0,residential,DE,objects/uwespeed/germany/RES_59.0x16.0_0.obj_0.obj,,,3,SQ,UWESPEED
59.0,19.0,residential,DE,objects/uwespeed/germany/RES_59.0x19.0_0.obj_0.obj,,,4,SQ,UWESPEED
59.0,22.0,residential,DE,objects/uwespeed/germany/RES_59.0x22.0_0.obj_0.obj,,,3,SQ,UWESPEED
59.0,25.0,residential,DE,objects/uwespeed/germany/RES_59.0x25.0_0.obj_0.obj,,,3,SQ,UWESPEED
59.0,28.0,residential,DE,objects/uwespeed/germany/RES_59.0x28.0_0.obj_0.obj,,,3,SQ,UWESPEED
59.0,31.0,residential,DE,objects/uwespeed/germany/RES_59.0x31.0_0.obj_0.obj,,,3,SQ,UWESPEED
59.0,34.0,residential,DE,objects/uwespeed/germany/RES_59.0x34.0_0.obj_0.obj,,,4,SQ,UWESPEED
59.0,37.0,residential,DE,objects/uwespeed/germany/RES_59.0x37.0_0.obj_0.obj,,,3,SQ,UWESPEED
60.0,10.0,residential,DE,objects/uwespeed/germany/RES_60.0x10.0_0.obj_0.obj,,,3,SQ,UWESPEED
60.0,13.0,residential,DE,objects/uwespeed/germany/RES_60.0x13.0_0.obj_0.obj,,,4,SQ,UWESPEED
60.0,16.0,residential,DE,objects/uwespeed/germany/RES_60.0x16.0_0.obj_0.obj,,,5,SQ,UWESPEED
60.0,19.0,residential,DE,objects/uwespeed/germany/RES_60.0x19.0_0.obj_0.obj,,,5,SQ,UWESPEED
60.0,22.0,residential,DE,objects/uwespeed/germany/RES_60.0x22.0_0.obj_0.obj,,,5,SQ,UWESPEED
60.0,25.0,residential,DE,objects/uwespeed/germany/RES_60.0x25.0_0.obj_0.obj,,,5,SQ,UWESPEED
60.0,28.0,residential,DE,objects/uwespeed/germany/RES_60.0x28.0_0.obj_0.obj,,,5,SQ,UWESPEED
60.0,31.0,residential,DE,objects/uwespeed/germany/RES_60.0x31.0_0.obj_0.obj,,,5,SQ,UWESPEED
60.0,34.0,residential,DE,objects/uwespeed/germany/RES_60.0x34.0_0.obj_0.obj,,,5,SQ,UWESPEED
60.0,37.0,residential,DE,objects/uwespeed/germany/RES_60.0x37.0_0.obj_0.obj,,,5,SQ,UWESPEED
61.0,10.0,residential,DE,objects/uwespeed/germany/RES_61.0x10.0_0.obj_0.obj,,,6,SQ,UWESPEED
61.0,13.0,residential,DE,objects/uwespeed/germany/RES_61.0x13.0_0.obj_0.obj,,,5,SQ,UWESPEED
61.0,16.0,residential,DE,objects/uwespeed/germany/RES_61.0x16.0_0.obj_0.obj,,,4,SQ,UWESPEED
61.0,19.0,residential,DE,objects/uwespeed/germany/RES_61.0x19.0_0.obj_0.obj,,,5,SQ,UWESPEED
61.0,22.0,residential,DE,objects/uwespeed/germany/RES_61.0x22.0_0.obj_0.obj,,,5,SQ,UWESPEED
61.0,25.0,residential,DE,objects/uwespeed/germany/RES_61.0x25.0_0.obj_0.obj,,,4,SQ,UWESPEED
61.0,28.0,residential,DE,objects/uwespeed/germany/RES_61.0x28.0_0.obj_0.obj,,,4,SQ,UWESPEED
61.0,31.0,residential,DE,objects/uwespeed/germany/RES_61.0x31.0_0.obj_0.obj,,,6,SQ,UWESPEED
61.0,34.0,residential,DE,objects/uwespeed/germany/RES_61.0x34.0_0.obj_0.obj,,,5,SQ,UWESPEED
61.0,37.0,residential,DE,objects/uwespeed/germany/RES_61.0x37.0_0.obj_0.obj,,,5,SQ,UWESPEED
62.0,10.0,residential,DE,objects/uwespeed/germany/RES_62.0x10.0_0.obj_0.obj,,,5,SQ,UWESPEED
62.0,13.0,residential,DE,objects/uwespeed/germany/RES_62.0x13.0_0.obj_0.obj,,,5,SQ,UWESPEED
62.0,16.0,residential,DE,objects/uwespeed/germany/RES_62.0x16.0_0.obj_0.obj,,,5,SQ,UWESPEED
62.0,19.0,residential,DE,objects/uwespeed/germany/RES_62.0x19.0_0.obj_0.obj,,,5,SQ,UWESPEED
62.0,22.0,residential,DE,objects/uwespeed/germany/RES_62.0x22.0_0.obj_0.obj,,,5,SQ,UWESPEED
62.0,25.0,residential,DE,objects/uwespeed/germany/RES_62.0x25.0_0.obj_0.obj,,,5,SQ,UWESPEED
62.0,28.0,residential,DE,objects/uwespeed/germany/RES_62.0x28.0_0.obj_0.obj,,,6,SQ,UWESPEED
62.0,31.0,residential,DE,objects/uwespeed/germany/RES_62.0x31.0_0.obj_0.obj,,,4,SQ,UWESPEED
62.0,34.0,residential,DE,objects/uwespeed/germany/RES_62.0x34.0_0.obj_0.obj,,,5,SQ,UWESPEED
62.0,37.0,residential,DE,objects/uwespeed/germany/RES_62.0x37.0_0.obj_0.obj,,,5,SQ,UWESPEED
63.0,10.0,residential,DE,objects/uwespeed/germany/RES_63.0x10.0_0.obj_0.obj,,,5,SQ,UWESPEED
63.0,13.0,residential,DE,objects/uwespeed/germany/RES_63.0x13.0_0.obj_0.obj,,,5,SQ,UWESPEED
63.0,16.0,residential,DE,objects/uwespeed/germany/RES_63.0x16.0_0.obj_0.obj,,,4,SQ,UWESPEED
63.0,19.0,residential,DE,objects/uwespeed/germany/RES_63.0x19.0_0.obj_0.obj,,,5,SQ,UWESPEED
63.0,22.0,residential,DE,objects/uwespeed/germany/RES_63.0x22.0_0.obj_0.obj,,,5,SQ,UWESPEED
63.0,25.0,residential,DE,objects/uwespeed/germany/RES_63.0x25.0_0.obj_0.obj,,,4,SQ,UWESPEED
63.0,28.0,residential,DE,objects/uwespeed/germany/RES_63.0x28.0_0.obj_0.obj,,,6,SQ,UWESPEED
63.0,31.0,residential,DE,objects/uwespeed/germany/RES_63.0x31.0_0.obj_0.obj,,,5,SQ,UWESPEED
63.0,34.0,residential,DE,objects/uwespeed/germany/RES_63.0x34.0_0.obj_0.obj,,,5,SQ,UWESPEED
63.0,37.0,residential,DE,objects/uwespeed/germany/RES_63.0x37.0_0.obj_0.obj,,,5,SQ,UWESPEED
64.0,10.0,residential,DE,objects/uwespeed/germany/RES_64.0x10.0_0.obj_0.obj,,,5,SQ,UWESPEED
64.0,13.0,residential,DE,objects/uwespeed/germany/RES_64.0x13.0_0.obj_0.obj,,,5,SQ,UWESPEED
64.0,16.0,residential,DE,objects/uwespeed/germany/RES_64.0x16.0_0.obj_0.obj,,,5,SQ,UWESPEED
64.0,19.0,residential,DE,objects/uwespeed/germany/RES_64.0x19.0_0.obj_0.obj,,,5,SQ,UWESPEED
64.0,22.0,residential,DE,objects/uwespeed/germany/RES_64.0x22.0_0.obj_0.obj,,,5,SQ,UWESPEED
64.0,25.0,residential,DE,objects/uwespeed/germany/RES_64.0x25.0_0.obj_0.obj,,,5,SQ,UWESPEED
64.0,28.0,residential,DE,objects/uwespeed/germany/RES_64.0x28.0_0.obj_0.obj,,,5,SQ,UWESPEED
64.0,31.0,residential,DE,objects/uwespeed/germany/RES_64.0x31.0_0.obj_0.obj,,,6,SQ,UWESPEED
64.0,34.0,residential,DE,objects/uwespeed/germany/RES_64.0x34.0_0.obj_0.obj,,,5,SQ,UWESPEED
64.0,37.0,residential,DE,objects/uwespeed/germany/RES_64.0x37.0_0.obj_0.obj,,,5,SQ,UWESPEED
65.0,10.0,residential,DE,objects/uwespeed/germany/RES_65.0x10.0_0.obj_0.obj,,,6,SQ,UWESPEED
65.0,13.0,residential,DE,objects/uwespeed/germany/RES_65.0x13.0_0.obj_0.obj,,,5,SQ,UWESPEED
65.0,16.0,residential,DE,objects/uwespeed/germany/RES_65.0x16.0_0.obj_0.obj,,,6,SQ,UWESPEED
65.0,19.0,residential,DE,objects/uwespeed/germany/RES_65.0x19.0_0.obj_0.obj,,,4,SQ,UWESPEED
65.0,22.0,residential,DE,objects/uwespeed/germany/RES_65.0x22.0_0.obj_0.obj,,,5,SQ,UWESPEED
65.0,25.0,residential,DE,objects/uwespeed/germany/RES_65.0x25.0_0.obj_0.obj,,,4,SQ,UWESPEED
65.0,28.0,residential,DE,objects/uwespeed/germany/RES_65.0x28.0_0.obj_0.obj,,,5,SQ,UWESPEED
65.0,31.0,residential,DE,objects/uwespeed/germany/RES_65.0x31.0_0.obj_0.obj,,,5,SQ,UWESPEED
65.0,34.0,residential,DE,objects/uwespeed/germany/RES_65.0x34.0_0.obj_0.obj,,,5,SQ,UWESPEED
65.0,37.0,residential,DE,objects/uwespeed/germany/RES_65.0x37.0_0.obj_0.obj,,,5,SQ,UWESPEED
66.0,10.0,residential,DE,objects/uwespeed/germany/RES_66.0x10.0_0.obj_0.obj,,,6,SQ,UWESPEED
66.0,13.0,residential,DE,objects/uwespeed/germany/RES_66.0x13.0_0.obj_0.obj,,,5,SQ,UWESPEED
66.0,16.0,residential,DE,objects/uwespeed/germany/RES_66.0x16.0_0.obj_0.obj,,,4,SQ,UWESPEED
66.0,19.0,residential,DE,objects/uwespeed/germany/RES_66.0x19.0_0.obj_0.obj,,,5,SQ,UWESPEED
66.0,22.0,residential,DE,objects/uwespeed/germany/RES_66.0x22.0_0.obj_0.obj,,,5,SQ,UWESPEED
66.0,25.0,residential,DE,objects/uwespeed/germany/RES_66.0x25.0_0.obj_0.obj,,,5,SQ,UWESPEED
66.0,28.0,residential,DE,objects/uwespeed/germany/RES_66.0x28.0_0.obj_0.obj,,,4,SQ,UWESPEED
66.0,31.0,residential,DE,objects/uwespeed/germany/RES_66.0x31.0_0.obj_0.obj,,,5,SQ,UWESPEED
66.0,34.0,residential,DE,objects/uwespeed/germany/RES_66.0x34.0_0.obj_0.obj,,,6,SQ,UWESPEED
66.0,37.0,residential,DE,objects/uwespeed/germany/RES_66.0x37.0_0.obj_0.obj,,,5,SQ,UWESPEED
67.0,10.0,residential,DE,objects/uwespeed/germany/RES_67.0x10.0_0.obj_0.obj,,,5,SQ,UWESPEED
67.0,13.0,residential,DE,objects/uwespeed/germany/RES_67.0x13.0_0.obj_0.obj,,,5,SQ,UWESPEED
67.0,16.0,residential,DE,objects/uwespeed/germany/RES_67.0x16.0_0.obj_0.obj,,,5,SQ,UWESPEED
67.0,19.0,residential,DE,objects/uwespeed/germany/RES_67.0x19.0_0.obj_0.obj,,,5,SQ,UWESPEED
67.0,22.0,residential,DE,objects/uwespeed/germany/RES_67.0x22.0_0.obj_0.obj,,,5,SQ,UWESPEED
67.0,25.0,residential,DE,objects/uwespeed/germany/RES_67.0x25.0_0.obj_0.obj,,,5,SQ,UWESPEED
67.0,28.0,residential,DE,objects/uwespeed/germany/RES_67.0x28.0_0.obj_0.obj,,,5,SQ,UWESPEED
67.0,31.0,residential,DE,objects/uwespeed/germany/RES_67.0x31.0_0.obj_0.obj,,,5,SQ,UWESPEED
67.0,34.0,residential,DE,objects/uwespeed/germany/RES_67.0x34.0_0.obj_0.obj,,,5,SQ,UWESPEED
67.0,37.0,residential,DE,objects/uwespeed/germany/RES_67.0x37.0_0.obj_0.obj,,,5,SQ,UWESPEED
68.0,10.0,residential,DE,objects/uwespeed/germany/RES_68.0x10.0_0.obj_0.obj,,,5,SQ,UWESPEED
68.0,13.0,residential,DE,objects/uwespeed/germany/RES_68.0x13.0_0.obj_0.obj,,,5,SQ,UWESPEED
68.0,16.0,residential,DE,objects/uwespeed/germany/RES_68.0x16.0_0.obj_0.obj,,,6,SQ,UWESPEED
68.0,19.0,residential,DE,objects/uwespeed/germany/RES_68.0x19.0_0.obj_0.obj,,,5,SQ,UWESPEED
68.0,22.0,residential,DE,objects/uwespeed/germany/RES_68.0x22.0_0.obj_0.obj,,,5,SQ,UWESPEED
68.0,25.0,residential,DE,objects/uwespeed/germany/RES_68.0x25.0_0.obj_0.obj,,,5,SQ,UWESPEED
68.0,28.0,residential,DE,objects/uwespeed/germany/RES_68.0x28.0_0.obj_0.obj,,,5,SQ,UWESPEED
68.0,31.0,residential,DE,objects/uwespeed/germany/RES_68.0x31.0_0.obj_0.obj,,,5,SQ,UWESPEED
68.0,34.0,residential,DE,objects/uwespeed/germany/RES_68.0x34.0_0.obj_0.obj,,,5,SQ,UWESPEED
68.0,37.0,residential,DE,objects/uwespeed/germany/RES_68.0x37.0_0.obj_0.obj,,,5,SQ,UWESPEED
69.0,10.0,residential,DE,objects/uwespeed/germany/RES_69.0x10.0_0.obj_0.obj,,,6,SQ,UWESPEED
69.0,13.0,residential,DE,objects/uwespeed/germany/RES_69.0x13.0_0.obj_0.obj,,,5,SQ,UWESPEED
69.0,16.0,residential,DE,objects/uwespeed/germany/RES_69.0x16.0_0.obj_0.obj,,,5,SQ,UWESPEED
69.0,19.0,residential,DE,objects/uwespeed/germany/RES_69.0x19.0_0.obj_0.obj,,,5,SQ,UWESPEED
69.0,22.0,residential,DE,objects/uwespeed/germany/RES_69.0x22.0_0.obj_0.obj,,,5,SQ,UWESPEED
69.0,25.0,residential,DE,objects/uwespeed/germany/RES_69.0x25.0_0.obj_0.obj,,,4,SQ,UWESPEED
69.0,28.0,residential,DE,objects/uwespeed/germany/RES_69.0x28.0_0.obj_0.obj,,,6,SQ,UWESPEED
69.0,31.0,residential,DE,objects/uwespeed/germany/RES_69.0x31.0_0.obj_0.obj,,,5,SQ,UWESPEED
69.0,34.0,residential,DE,objects/uwespeed/germany/RES_69.0x34.0_0.obj_0.obj,,,6,SQ,UWESPEED
69.0,37.0,residential,DE,objects/uwespeed/germany/RES_69.0x37.0_0.obj_0.obj,,,5,SQ,UWESPEED
70.0,10.0,residential,DE,objects/uwespeed/germany/RES_70.0x10.0_0.obj_0.obj,,,4,SQ,UWESPEED
70.0,13.0,residential,DE,objects/uwespeed/germany/RES_70.0x13.0_0.obj_0.obj,,,5,SQ,UWESPEED
70.0,16.0,residential,DE,objects/uwespeed/germany/RES_70.0x16.0_0.obj_0.obj,,,4,SQ,UWESPEED
70.0,19.0,residential,DE,objects/uwespeed/germany/RES_70.0x19.0_0.obj_0.obj,,,5,SQ,UWESPEED
70.0,22.0,residential,DE,objects/uwespeed/germany/RES_70.0x22.0_0.obj_0.obj,,,5,SQ,UWESPEED
70.0,25.0,residential,DE,objects/uwespeed/germany/RES_70.0x25.0_0.obj_0.obj,,,5,SQ,UWESPEED
70.0,28.0,residential,DE,objects/uwespeed/germany/RES_70.0x28.0_0.obj_0.obj,,,5,SQ,UWESPEED
70.0,31.0,residential,DE,objects/uwespeed/germany/RES_70.0x31.0_0.obj_0.obj,,,5,SQ,UWESPEED
70.0,34.0,residential,DE,objects/uwespeed/germany/RES_70.0x34.0_0.obj_0.obj,,,4,SQ,UWESPEED
70.0,37.0,residential,DE,objects/uwespeed/germany/RES_70.0x37.0_0.obj_0.obj,,,5,SQ,UWESPEED
71.0,10.0,residential,DE,objects/uwespeed/germany/RES_71.0x10.0_0.obj_0.obj,,,5,SQ,UWESPEED
71.0,13.0,residential,DE,objects/uwespeed/germany/RES_71.0x13.0_0.obj_0.obj,,,4,SQ,UWESPEED
71.0,16.0,residential,DE,objects/uwespeed/germany/RES_71.0x16.0_0.obj_0.obj,,,5,SQ,UWESPEED
71.0,19.0,residential,DE,objects/uwespeed/germany/RES_71.0x19.0_0.obj_0.obj,,,5,SQ,UWESPEED
71.0,22.0,residential,DE,objects/uwespeed/germany/RES_71.0x22.0_0.obj_0.obj,,,5,SQ,UWESPEED
71.0,25.0,residential,DE,objects/uwespeed/germany/RES_71.0x25.0_0.obj_0.obj,,,6,SQ,UWESPEED
71.0,28.0,residential,DE,objects/uwespeed/germany/RES_71.0x28.0_0.obj_0.obj,,,5,SQ,UWESPEED
71.0,31.0,residential,DE,objects/uwespeed/germany/RES_71.0x31.0_0.obj_0.obj,,,5,SQ,UWESPEED
71.0,34.0,residential,DE,objects/uwespeed/germany/RES_71.0x34.0_0.obj_0.obj,,,5,SQ,UWESPEED
71.0,37.0,residential,DE,objects/uwespeed/germany/RES_71.0x37.0_0.obj_0.obj,,,4,SQ,UWESPEED
72.0,10.0,residential,DE,objects/uwespeed/germany/RES_72.0x10.0_0.obj_0.obj,,,5,SQ,UWESPEED
72.0,13.0,residential,DE,objects/uwespeed/germany/RES_72.0x13.0_0.obj_0.obj,,,5,SQ,UWESPEED
72.0,16.0,residential,DE,objects/uwespeed/germany/RES_72.0x16.0_0.obj_0.obj,,,5,SQ,UWESPEED
72.0,19.0,residential,DE,objects/uwespeed/germany/RES_72.0x19.0_0.obj_0.obj,,,5,SQ,UWESPEED
72.0,22.0,residential,DE,objects/uwespeed/germany/RES_72.0x22.0_0.obj_0.obj,,,5,SQ,UWESPEED
72.0,25.0,residential,DE,objects/uwespeed/germany/RES_72.0x25.0_0.obj_0.obj,,,6,SQ,UWESPEED
72.0,28.0,residential,DE,objects/uwespeed/germany/RES_72.0x28.0_0.obj_0.obj,,,5,SQ,UWESPEED
72.0,31.0,residential,DE,objects/uwespeed/germany/RES_72.0x31.0_0.obj_0.obj,,,5,SQ,UWESPEED
72.0,34.0,residential,DE,objects/uwespeed/germany/RES_72.0x34.0_0.obj_0.obj,,,5,SQ,UWESPEED
72.0,37.0,residential,DE,objects/uwespeed/germany/RES_72.0x37.0_0.obj_0.obj,,,5,SQ,UWESPEED
73.0,10.0,residential,DE,objects/uwespeed/germany/RES_73.0x10.0_0.obj_0.obj,,,5,SQ,UWESPEED
73.0,13.0,residential,DE,objects/uwespeed/germany/RES_73.0x13.0_0.obj_0.obj,,,5,SQ,UWESPEED
73.0,16.0,residential,DE,objects/uwespeed/germany/RES_73.0x16.0_0.obj_0.obj,,,5,SQ,UWESPEED
73.0,19.0,residential,DE,objects/uwespeed/germany/RES_73.0x19.0_0.obj_0.obj,,,5,SQ,UWESPEED
73.0,22.0,residential,DE,objects/uwespeed/germany/RES_73.0x22.0_0.obj_0.obj,,,5,SQ,UWESPEED
73.0,25.0,residential,DE,objects/uwespeed/germany/RES_73.0x25.0_0.obj_0.obj,,,5,SQ,UWESPEED
73.0,28.0,residential,DE,objects/uwespeed/germany/RES_73.0x28.0_0.obj_0.obj,,,5,SQ,UWESPEED
73.0,31.0,residential,DE,objects/uwespeed/germany/RES_73.0x31.0_0.obj_0.obj,,,5,SQ,UWESPEED
73.0,34.0,residential,DE,objects/uwespeed/germany/RES_73.0x34.0_0.obj_0.obj,,,5,SQ,UWESPEED
73.0,37.0,residential,DE,objects/uwespeed/germany/RES_73.0x37.0_0.obj_0.obj,,,6,SQ,UWESPEED
74.0,10.0,residential,DE,objects/uwespeed/germany/RES_74.0x10.0_0.obj_0.obj,,,6,SQ,UWESPEED
74.0,13.0,residential,DE,objects/uwespeed/germany/RES_74.0x13.0_0.obj_0.obj,,,6,SQ,UWESPEED
74.0,16.0,residential,DE,objects/uwespeed/germany/RES_74.0x16.0_0.obj_0.obj,,,5,SQ,UWESPEED
74.0,19.0,residential,DE,objects/uwespeed/germany/RES_74.0x19.0_0.obj_0.obj,,,5,SQ,UWESPEED
74.0,22.0,residential,DE,objects/uwespeed/germany/RES_74.0x22.0_0.obj_0.obj,,,5,SQ,UWESPEED
74.0,25.0,residential,DE,objects/uwespeed/germany/RES_74.0x25.0_0.obj_0.obj,,,4,SQ,UWESPEED
74.0,28.0,residential,DE,objects/uwespeed/germany/RES_74.0x28.0_0.obj_0.obj,,,5,SQ,UWESPEED
74.0,31.0,residential,DE,objects/uwespeed/germany/RES_74.0x31.0_0.obj_0.obj,,,5,SQ,UWESPEED
74.0,34.0,residential,DE,objects/uwespeed/germany/RES_74.0x34.0_0.obj_0.obj,,,4,SQ,UWESPEED
74.0,37.0,residential,DE,objects/uwespeed/germany/RES_74.0x37.0_0.obj_0.obj,,,6,SQ,UWESPEED
75.0,10.0,residential,DE,objects/uwespeed/germany/RES_75.0x10.0_0.obj_0.obj,,,6,SQ,UWESPEED
75.0,13.0,residential,DE,objects/uwespeed/germany/RES_75.0x13.0_0.obj_0.obj,,,5,SQ,UWESPEED
75.0,16.0,residential,DE,objects/uwespeed/germany/RES_75.0x16.0_0.obj_0.obj,,,5,SQ,UWESPEED
75.0,19.0,residential,DE,objects/uwespeed/germany/RES_75.0x19.0_0.obj_0.obj,,,5,SQ,UWESPEED
75.0,22.0,residential,DE,objects/uwespeed/germany/RES_75.0x22.0_0.obj_0.obj,,,5,SQ,UWESPEED
75.0,25.0,residential,DE,objects/uwespeed/germany/RES_75.0x25.0_0.obj_0.obj,,,5,SQ,UWESPEED
75.0,28.0,residential,DE,objects/uwespeed/germany/RES_75.0x28.0_0.obj_0.obj,,,5,SQ,UWESPEED
75.0,31.0,residential,DE,objects/uwespeed/germany/RES_75.0x31.0_0.obj_0.obj,,,5,SQ,UWESPEED
75.0,34.0,residential,DE,objects/uwespeed/germany/RES_75.0x34.0_0.obj_0.obj,,,5,SQ,UWESPEED
75.0,37.0,residential,DE,objects/uwespeed/germany/RES_75.0x37.0_0.obj_0.obj,,,5,SQ,UWESPEED
76.0,10.0,residential,DE,objects/uwespeed/germany/RES_76.0x10.0_0.obj_0.obj,,,5,SQ,UWESPEED
76.0,13.0,residential,DE,objects/uwespeed/germany/RES_76.0x13.0_0.obj_0.obj,,,5,SQ,UWESPEED
76.0,16.0,residential,DE,objects/uwespeed/germany/RES_76.0x16.0_0.obj_0.obj,,,5,SQ,UWESPEED
76.0,19.0,residential,DE,objects/uwespeed/germany/RES_76.0x19.0_0.obj_0.obj,,,5,SQ,UWESPEED
76.0,22.0,residential,DE,objects/uwespeed/germany/RES_76.0x22.0_0.obj_0.obj,,,6,SQ,UWESPEED
76.0,25.0,residential,DE,objects/uwespeed/germany/RES_76.0x25.0_0.obj_0.obj,,,5,SQ,UWESPEED
76.0,28.0,residential,DE,objects/uwespeed/germany/RES_76.0x28.0_0.obj_0.obj,,,5,SQ,UWESPEED
76.0,31.0,residential,DE,objects/uwespeed/germany/RES_76.0x31.0_0.obj_0.obj,,,5,SQ,UWESPEED
76.0,34.0,residential,DE,objects/uwespeed/germany/RES_76.0x34.0_0.obj_0.obj,,,5,SQ,UWESPEED
76.0,37.0,residential,DE,objects/uwespeed/germany/RES_76.0x37.0_0.obj_0.obj,,,5,SQ,UWESPEED
77.0,10.0,residential,DE,objects/uwespeed/germany/RES_77.0x10.0_0.obj_0.obj,,,5,SQ,UWESPEED
77.0,13.0,residential,DE,objects/uwespeed/germany/RES_77.0x13.0_0.obj_0.obj,,,5,SQ,UWESPEED
77.0,16.0,residential,DE,objects/uwespeed/germany/RES_77.0x16.0_0.obj_0.obj,,,4,SQ,UWESPEED
77.0,19.0,residential,DE,objects/uwespeed/germany/RES_77.0x19.0_0.obj_0.obj,,,6,SQ,UWESPEED
77.0,22.0,residential,DE,objects/uwespeed/germany/RES_77.0x22.0_0.obj_0.obj,,,5,SQ,UWESPEED
77.0,25.0,residential,DE,objects/uwespeed/germany/RES_77.0x25.0_0.obj_0.obj,,,4,SQ,UWESPEED
77.0,28.0,residential,DE,objects/uwespeed/germany/RES_77.0x28.0_0.obj_0.obj,,,5,SQ,UWESPEED
77.0,31.0,residential,DE,objects/uwespeed/germany/RES_77.0x31.0_0.obj_0.obj,,,5,SQ,UWESPEED
77.0,34.0,residential,DE,objects/uwespeed/germany/RES_77.0x34.0_0.obj_0.obj,,,5,SQ,UWESPEED
77.0,37.0,residential,DE,objects/uwespeed/germany/RES_77.0x37.0_0.obj_0.obj,,,5,SQ,UWESPEED
78.0,10.0,residential,DE,objects/uwespeed/germany/RES_78.0x10.0_0.obj_0.obj,,,5,SQ,UWESPEED
78.0,13.0,residential,DE,objects/uwespeed/germany/RES_78.0x13.0_0.obj_0.obj,,,5,SQ,UWESPEED
78.0,16.0,residential,DE,objects/uwespeed/germany/RES_78.0x16.0_0.obj_0.obj,,,4,SQ,UWESPEED
78.0,19.0,residential,DE,objects/uwespeed/germany/RES_78.0x19.0_0.obj_0.obj,,,5,SQ,UWESPEED
78.0,22.0,residential,DE,objects/uwespeed/germany/RES_78.0x22.0_0.obj_0.obj,,,5,SQ,UWESPEED
78.0,25.0,residential,DE,objects/uwespeed/germany/RES_78.0x25.0_0.obj_0.obj,,,5,SQ,UWESPEED
78.0,28.0,residential,DE,objects/uwespeed/germany/RES_78.0x28.0_0.obj_0.obj,,,5,SQ,UWESPEED
78.0,31.0,residential,DE,objects/uwespeed/germany/RES_78.0x31.0_0.obj_0.obj,,,5,SQ,UWESPEED
78.0,34.0,residential,DE,objects/uwespeed/germany/RES_78.0x34.0_0.obj_0.obj,,,5,SQ,UWESPEED
78.0,37.0,residential,DE,objects/uwespeed/germany/RES_78.0x37.0_0.obj_0.obj,,,5,SQ,UWESPEED
79.0,10.0,residential,DE,objects/uwespeed/germany/RES_79.0x10.0_0.obj_0.obj,,,5,SQ,UWESPEED
79.0,13.0,residential,DE,objects/uwespeed/germany/RES_79.0x13.0_0.obj_0.obj,,,5,SQ,UWESPEED
79.0,16.0,residential,DE,objects/uwespeed/germany/RES_79.0x16.0_0.obj_0.obj,,,5,SQ,UWESPEED
79.0,19.0,residential,DE,objects/uwespeed/germany/RES_79.0x19.0_0.obj_0.obj,,,5,SQ,UWESPEED
79.0,22.0,residential,DE,objects/uwespeed/germany/RES_79.0x22.0_0.obj_0.obj,,,6,SQ,UWESPEED
79.0,25.0,residential,DE,objects/uwespeed/germany/RES_79.0x25.0_0.obj_0.obj,,,4,SQ,UWESPEED
79.0,28.0,residential,DE,objects/uwespeed/germany/RES_79.0x28.0_0.obj_0.obj,,,5,SQ,UWESPEED
79.0,31.0,residential,DE,objects/uwespeed/germany/RES_79.0x31.0_0.obj_0.obj,,,5,SQ,UWESPEED
79.0,34.0,residential,DE,objects/uwespeed/germany/RES_79.0x34.0_0.obj_0.obj,,,5,SQ,UWESPEED
79.0,37.0,residential,DE,objects/uwespeed/germany/RES_79.0x37.0_0.obj_0.obj,,,5,SQ,UWESPEED
80.0,10.0,residential,DE,objects/uwespeed/germany/RES_80.0x10.0_0.obj_0.obj,,,5,SQ,UWESPEED
80.0,13.0,residential,DE,objects/uwespeed/germany/RES_80.0x13.0_0.obj_0.obj,,,4,SQ,UWESPEED
80.0,16.0,residential,DE,objects/uwespeed/germany/RES_80.0x16.0_0.obj_0.obj,,,5,SQ,UWESPEED
80.0,19.0,residential,DE,objects/uwespeed/germany/RES_80.0x19.0_0.obj_0.obj,,,4,SQ,UWESPEED
80.0,22.0,residential,DE,objects/uwespeed/germany/RES_80.0x22.0_0.obj_0.obj,,,5,SQ,UWESPEED
80.0,25.0,residential,DE,objects/uwespeed/germany/RES_80.0x25.0_0.obj_0.obj,,,5,SQ,UWESPEED
80.0,28.0,residential,DE,objects/uwespeed/germany/RES_80.0x28.0_0.obj_0.obj,,,5,SQ,UWESPEED
80.0,31.0,residential,DE,objects/uwespeed/germany/RES_80.0x31.0_0.obj_0.obj,,,5,SQ,UWESPEED
80.0,34.0,residential,DE,objects/uwespeed/germany/RES_80.0x34.0_0.obj_0.obj,,,4,SQ,UWESPEED
80.0,37.0,residential,DE,objects/uwespeed/germany/RES_80.0x37.0_0.obj_0.obj,,,5,SQ,UWESPEED
81.0,10.0,residential,DE,objects/uwespeed/germany/RES_81.0x10.0_0.obj_0.obj,,,5,SQ,UWESPEED
81.0,13.0,residential,DE,objects/uwespeed/germany/RES_81.0x13.0_0.obj_0.obj,,,5,SQ,UWESPEED
81.0,16.0,residential,DE,objects/uwespeed/germany/RES_81.0x16.0_0.obj_0.obj,,,5,SQ,UWESPEED
81.0,19.0,residential,DE,objects/uwespeed/germany/RES_81.0x19.0_0.obj_0.obj,,,5,SQ,UWESPEED
81.0,22.0,residential,DE,objects/uwespeed/germany/RES_81.0x22.0_0.obj_0.obj,,,5,SQ,UWESPEED
81.0,25.0,residential,DE,objects/uwespeed/germany/RES_81.0x25.0_0.obj_0.obj,,,5,SQ,UWESPEED
81.0,28.0,residential,DE,objects/uwespeed/germany/RES_81.0x28.0_0.obj_0.obj,,,6,SQ,UWESPEED
81.0,31.0,residential,DE,objects/uwespeed/germany/RES_81.0x31.0_0.obj_0.obj,,,5,SQ,UWESPEED
81.0,34.0,residential,DE,objects/uwespeed/germany/RES_81.0x34.0_0.obj_0.obj,,,6,SQ,UWESPEED
81.0,37.0,residential,DE,objects/uwespeed/germany/RES_81.0x37.0_0.obj_0.obj,,,4,SQ,UWESPEED
82.0,10.0,residential,DE,objects/uwespeed/germany/RES_82.0x10.0_0.obj_0.obj,,,5,SQ,UWESPEED
82.0,13.0,residential,DE,objects/uwespeed/germany/RES_82.0x13.0_0.obj_0.obj,,,5,SQ,UWESPEED
82.0,16.0,residential,DE,objects/uwespeed/germany/RES_82.0x16.0_0.obj_0.obj,,,5,SQ,UWESPEED
82.0,19.0,residential,DE,objects/uwespeed/germany/RES_82.0x19.0_0.obj_0.obj,,,5,SQ,UWESPEED
82.0,22.0,residential,DE,objects/uwespeed/germany/RES_82.0x22.0_0.obj_0.obj,,,5,SQ,UWESPEED
82.0,25.0,residential,DE,objects/uwespeed/germany/RES_82.0x25.0_0.obj_0.obj,,,5,SQ,UWESPEED
82.0,28.0,residential,DE,objects/uwespeed/germany/RES_82.0x28.0_0.obj_0.obj,,,5,SQ,UWESPEED
82.0,31.0,residential,DE,objects/uwespeed/germany/RES_82.0x31.0_0.obj_0.obj,,,5,SQ,UWESPEED
82.0,34.0,residential,DE,objects/uwespeed/germany/RES_82.0x34.0_0.obj_0.obj,,,5,SQ,UWESPEED
82.0,37.0,residential,DE,objects/uwespeed/germany/RES_82.0x37.0_0.obj_0.obj,,,4,SQ,UWESPEED
83.0,10.0,residential,DE,objects/uwespeed/germany/RES_83.0x10.0_0.obj_0.obj,,,5,SQ,UWESPEED
83.0,13.0,residential,DE,objects/uwespeed/germany/RES_83.0x13.0_0.obj_0.obj,,,5,SQ,UWESPEED
83.0,16.0,residential,DE,objects/uwespeed/germany/RES_83.0x16.0_0.obj_0.obj,,,5,SQ,UWESPEED
83.0,19.0,residential,DE,objects/uwespeed/germany/RES_83.0x19.0_0.obj_0.obj,,,6,SQ,UWESPEED
83.0,22.0,residential,DE,objects/uwespeed/germany/RES_83.0x22.0_0.obj_0.obj,,,5,SQ,UWESPEED
83.0,25.0,residential,DE,objects/uwespeed/germany/RES_83.0x25.0_0.obj_0.obj,,,5,SQ,UWESPEED
83.0,28.0,residential,DE,objects/uwespeed/germany/RES_83.0x28.0_0.obj_0.obj,,,5,SQ,UWESPEED
83.0,31.0,residential,DE,objects/uwespeed/germany/RES_83.0x31.0_0.obj_0.obj,,,5,SQ,UWESPEED
83.0,34.0,residential,DE,objects/uwespeed/germany/RES_83.0x34.0_0.obj_0.obj,,,6,SQ,UWESPEED
83.0,37.0,residential,DE,objects/uwespeed/germany/RES_83.0x37.0_0.obj_0.obj,,,5,SQ,UWESPEED
84.0,10.0,residential,DE,objects/uwespeed/germany/RES_84.0x10.0_0.obj_0.obj,,,5,SQ,UWESPEED
84.0,13.0,residential,DE,objects/uwespeed/germany/RES_84.0x13.0_0.obj_0.obj,,,4,SQ,UWESPEED
84.0,16.0,residential,DE,objects/uwespeed/germany/RES_84.0x16.0_0.obj_0.obj,,,6,SQ,UWESPEED
84.0,19.0,residential,DE,objects/uwespeed/germany/RES_84.0x19.0_0.obj_0.obj,,,5,SQ,UWESPEED
84.0,22.0,residential,DE,objects/uwespeed/germany/RES_84.0x22.0_0.obj_0.obj,,,6,SQ,UWESPEED
84.0,25.0,residential,DE,objects/uwespeed/germany/RES_84.0x25.0_0.obj_0.obj,,,6,SQ,UWESPEED
84.0,28.0,residential,DE,objects/uwespeed/germany/RES_84.0x28.0_0.obj_0.obj,,,4,SQ,UWESPEED
84.0,31.0,residential,DE,objects/uwespeed/germany/RES_84.0x31.0_0.obj_0.obj,,,5,SQ,UWESPEED
84.0,34.0,residential,DE,objects/uwespeed/germany/RES_84.0x34.0_0.obj_0.obj,,,5,SQ,UWESPEED
84.0,37.0,residential,DE,objects/uwespeed/germany/RES_84.0x37.0_0.obj_0.obj,,,5,SQ,UWESPEED
85.0,10.0,residential,DE,objects/uwespeed/germany/RES_85.0x10.0_0.obj_0.obj,,,5,SQ,UWESPEED
85.0,13.0,residential,DE,objects/uwespeed/germany/RES_85.0x13.0_0.obj_0.obj,,,5,SQ,UWESPEED
85.0,16.0,residential,DE,objects/uwespeed/germany/RES_85.0x16.0_0.obj_0.obj,,,6,SQ,UWESPEED
85.0,19.0,residential,DE,objects/uwespeed/germany/RES_85.0x19.0_0.obj_0.obj,,,5,SQ,UWESPEED
85.0,22.0,residential,DE,objects/uwespeed/germany/RES_85.0x22.0_0.obj_0.obj,,,6,SQ,UWESPEED
85.0,25.0,residential,DE,objects/uwespeed/germany/RES_85.0x25.0_0.obj_0.obj,,,6,SQ,UWESPEED
85.0,28.0,residential,DE,objects/uwespeed/germany/RES_85.0x28.0_0.obj_0.obj,,,5,SQ,UWESPEED
85.0,31.0,residential,DE,objects/uwespeed/germany/RES_85.0x31.0_0.obj_0.obj,,,5,SQ,UWESPEED
85.0,34.0,residential,DE,objects/uwespeed/germany/RES_85.0x34.0_0.obj_0.obj,,,6,SQ,UWESPEED
85.0,37.0,residential,DE,objects/uwespeed/germany/RES_85.0x37.0_0.obj_0.obj,,,5,SQ,UWESPEED
86.0,10.0,residential,DE,objects/uwespeed/germany/RES_86.0x10.0_0.obj_0.obj,,,5,SQ,UWESPEED
86.0,13.0,residential,DE,objects/uwespeed/germany/RES_86.0x13.0_0.obj_0.obj,,,6,SQ,UWESPEED
86.0,16.0,residential,DE,objects/uwespeed/germany/RES_86.0x16.0_0.obj_0.obj,,,6,SQ,UWESPEED
86.0,19.0,residential,DE,objects/uwespeed/germany/RES_86.0x19.0_0.obj_0.obj,,,6,SQ,UWESPEED
86.0,22.0,residential,DE,objects/uwespeed/germany/RES_86.0x22.0_0.obj_0.obj,,,6,SQ,UWESPEED
86.0,25.0,residential,DE,objects/uwespeed/germany/RES_86.0x25.0_0.obj_0.obj,,,6,SQ,UWESPEED
86.0,28.0,residential,DE,objects/uwespeed/germany/RES_86.0x28.0_0.obj_0.obj,,,5,SQ,UWESPEED
86.0,31.0,residential,DE,objects/uwespeed/germany/RES_86.0x31.0_0.obj_0.obj,,,6,SQ,UWESPEED
86.0,34.0,residential,DE,objects/uwespeed/germany/RES_86.0x34.0_0.obj_0.obj,,,5,SQ,UWESPEED
86.0,37.0,residential,DE,objects/uwespeed/germany/RES_86.0x37.0_0.obj_0.obj,,,5,SQ,UWESPEED
87.0,10.0,residential,DE,objects/uwespeed/germany/RES_87.0x10.0_0.obj_0.obj,,,6,SQ,UWESPEED
87.0,13.0,residential,DE,objects/uwespeed/germany/RES_87.0x13.0_0.obj_0.obj,,,6,SQ,UWESPEED
87.0,16.0,residential,DE,objects/uwespeed/germany/RES_87.0x16.0_0.obj_0.obj,,,6,SQ,UWESPEED
87.0,19.0,residential,DE,objects/uwespeed/germany/RES_87.0x19.0_0.obj_0.obj,,,6,SQ,UWESPEED
87.0,22.0,residential,DE,objects/uwespeed/germany/RES_87.0x22.0_0.obj_0.obj,,,6,SQ,UWESPEED
87.0,25.0,residential,DE,objects/uwespeed/germany/RES_87.0x25.0_0.obj_0.obj,,,6,SQ,UWESPEED
87.0,28.0,residential,DE,objects/uwespeed/germany/RES_87.0x28.0_0.obj_0.obj,,,6,SQ,UWESPEED
87.0,31.0,residential,DE,objects/uwespeed/germany/RES_87.0x31.0_0.obj_0.obj,,,6,SQ,UWESPEED
87.0,34.0,residential,DE,objects/uwespeed/germany/RES_87.0x34.0_0.obj_0.obj,,,6,SQ,UWESPEED
87.0,37.0,residential,DE,objects/uwespeed/germany/RES_87.0x37.0_0.obj_0.obj,,,5,SQ,UWESPEED
88.0,10.0,residential,DE,objects/uwespeed/germany/RES_88.0x10.0_0.obj_0.obj,,,6,SQ,UWESPEED
88.0,13.0,residential,DE,objects/uwespeed/germany/RES_88.0x13.0_0.obj_0.obj,,,6,SQ,UWESPEED
88.0,16.0,residential,DE,objects/uwespeed/germany/RES_88.0x16.0_0.obj_0.obj,,,6,SQ,UWESPEED
88.0,19.0,residential,DE,objects/uwespeed/germany/RES_88.0x19.0_0.obj_0.obj,,,5,SQ,UWESPEED
88.0,22.0,residential,DE,objects/uwespeed/germany/RES_88.0x22.0_0.obj_0.obj,,,5,SQ,UWESPEED
88.0,25.0,residential,DE,objects/uwespeed/germany/RES_88.0x25.0_0.obj_0.obj,,,5,SQ,UWESPEED
88.0,28.0,residential,DE,objects/uwespeed/germany/RES_88.0x28.0_0.obj_0.obj,,,6,SQ,UWESPEED
88.0,31.0,residential,DE,objects/uwespeed/germany/RES_88.0x31.0_0.obj_0.obj,,,6,SQ,UWESPEED
88.0,34.0,residential,DE,objects/uwespeed/germany/RES_88.0x34.0_0.obj_0.obj,,,6,SQ,UWESPEED
88.0,37.0,residential,DE,objects/uwespeed/germany/RES_88.0x37.0_0.obj_0.obj,,,6,SQ,UWESPEED
89.0,10.0,residential,DE,objects/uwespeed/germany/RES_89.0x10.0_0.obj_0.obj,,,6,SQ,UWESPEED
89.0,13.0,residential,DE,objects/uwespeed/germany/RES_89.0x13.0_0.obj_0.obj,,,6,SQ,UWESPEED
89.0,16.0,residential,DE,objects/uwespeed/germany/RES_89.0x16.0_0.obj_0.obj,,,6,SQ,UWESPEED
89.0,19.0,residential,DE,objects/uwespeed/germany/RES_89.0x19.0_0.obj_0.obj,,,6,SQ,UWESPEED
89.0,22.0,residential,DE,objects/uwespeed/germany/RES_89.0x22.0_0.obj_0.obj,,,6,SQ,UWESPEED
89.0,25.0,residential,DE,objects/uwespeed/germany/RES_89.0x25.0_0.obj_0.obj,,,6,SQ,UWESPEED
89.0,28.0,residential,DE,objects/uwespeed/germany/RES_89.0x28.0_0.obj_0.obj,,,6,SQ,UWESPEED
89.0,31.0,residential,DE,objects/uwespeed/germany/RES_89.0x31.0_0.obj_0.obj,,,6,SQ,UWESPEED
89.0,34.0,residential,DE,objects/uwespeed/germany/RES_89.0x34.0_0.obj_0.obj,,,6,SQ,UWESPEED
89.0,37.0,residential,DE,objects/uwespeed/germany/RES_89.0x37.0_0.obj_0.obj,,,6,SQ,UWESPEED
90.0,10.0,residential,DE,objects/uwespeed/germany/RES_90.0x10.0_0.obj_0.obj,,,6,SQ,UWESPEED
90.0,13.0,residential,DE,objects/uwespeed/germany/RES_90.0x13.0_0.obj_0.obj,,,5,SQ,UWESPEED
90.0,16.0,residential,DE,objects/uwespeed/germany/RES_90.0x16.0_0.obj_0.obj,,,6,SQ,UWESPEED
90.0,19.0,residential,DE,objects/uwespeed/germany/RES_90.0x19.0_0.obj_0.obj,,,6,SQ,UWESPEED
90.0,22.0,residential,DE,objects/uwespeed/germany/RES_90.0x22.0_0.obj_0.obj,,,5,SQ,UWESPEED
90.0,25.0,residential,DE,objects/uwespeed/germany/RES_90.0x25.0_0.obj_0.obj,,,6,SQ,UWESPEED
90.0,28.0,residential,DE,objects/uwespeed/germany/RES_90.0x28.0_0.obj_0.obj,,,6,SQ,UWESPEED
90.0,31.0,residential,DE,objects/uwespeed/germany/RES_90.0x31.0_0.obj_0.obj,,,6,SQ,UWESPEED
90.0,34.0,residential,DE,objects/uwespeed/germany/RES_90.0x34.0_0.obj_0.obj,,,6,SQ,UWESPEED
90.0,37.0,residential,DE,objects/uwespeed/germany/RES_90.0x37.0_0.obj_0.obj,,,6,SQ,UWESPEED
91.0,10.0,residential,DE,objects/uwespeed/germany/RES_91.0x10.0_0.obj_0.obj,,,6,SQ,UWESPEED
91.0,13.0,residential,DE,objects/uwespeed/germany/RES_91.0x13.0_0.obj_0.obj,,,6,SQ,UWESPEED
91.0,16.0,residential,DE,objects/uwespeed/germany/RES_91.0x16.0_0.obj_0.obj,,,6,SQ,UWESPEED
91.0,19.0,residential,DE,objects/uwespeed/germany/RES_91.0x19.0_0.obj_0.obj,,,6,SQ,UWESPEED
91.0,22.0,residential,DE,objects/uwespeed/germany/RES_91.0x22.0_0.obj_0.obj,,,6,SQ,UWESPEED
91.0,25.0,residential,DE,objects/uwespeed/germany/RES_91.0x25.0_0.obj_0.obj,,,5,SQ,UWESPEED
91.0,28.0,residential,DE,objects/uwespeed/germany/RES_91.0x28.0_0.obj_0.obj,,,6,SQ,UWESPEED
91.0,31.0,residential,DE,objects/uwespeed/germany/RES_91.0x31.0_0.obj_0.obj,,,6,SQ,UWESPEED
91.0,34.0,residential,DE,objects/uwespeed/germany/RES_91.0x34.0_0.obj_0.obj,,,6,SQ,UWESPEED
91.0,37.0,residential,DE,objects/uwespeed/germany/RES_91.0x37.0_0.obj_0.obj,,,6,SQ,UWESPEED
92.0,10.0,residential,DE,objects/uwespeed/germany/RES_92.0x10.0_0.obj_0.obj,,,6,SQ,UWESPEED
92.0,13.0,residential,DE,objects/uwespeed/germany/RES_92.0x13.0_0.obj_0.obj,,,6,SQ,UWESPEED
92.0,16.0,residential,DE,objects/uwespeed/germany/RES_92.0x16.0_0.obj_0.obj,,,6,SQ,UWESPEED
92.0,19.0,residential,DE,objects/uwespeed/germany/RES_92.0x19.0_0.obj_0.obj,,,6,SQ,UWESPEED
92.0,22.0,residential,DE,objects/uwespeed/germany/RES_92.0x22.0_0.obj_0.obj,,,6,SQ,UWESPEED
92.0,25.0,residential,DE,objects/uwespeed/germany/RES_92.0x25.0_0.obj_0.obj,,,6,SQ,UWESPEED
92.0,28.0,residential,DE,objects/uwespeed/germany/RES_92.0x28.0_0.obj_0.obj,,,5,SQ,UWESPEED
92.0,31.0,residential,DE,objects/uwespeed/germany/RES_92.0x31.0_0.obj_0.obj,,,5,SQ,UWESPEED
92.0,34.0,residential,DE,objects/uwespeed/germany/RES_92.0x34.0_0.obj_0.obj,,,4,SQ,UWESPEED
92.0,37.0,residential,DE,objects/uwespeed/germany/RES_92.0x37.0_0.obj_0.obj,,,5,SQ,UWESPEED
93.0,10.0,residential,DE,objects/uwespeed/germany/RES_93.0x10.0_0.obj_0.obj,,,4,SQ,UWESPEED
93.0,13.0,residential,DE,objects/uwespeed/germany/RES_93.0x13.0_0.obj_0.obj,,,5,SQ,UWESPEED
93.0,16.0,residential,DE,objects/uwespeed/germany/RES_93.0x16.0_0.obj_0.obj,,,4,SQ,UWESPEED
93.0,19.0,residential,DE,objects/uwespeed/germany/RES_93.0x19.0_0.obj_0.obj,,,5,SQ,UWESPEED
93.0,22.0,residential,DE,objects/uwespeed/germany/RES_93.0x22.0_0.obj_0.obj,,,4,SQ,UWESPEED
93.0,25.0,residential,DE,objects/uwespeed/germany/RES_93.0x25.0_0.obj_0.obj,,,4,SQ,UWESPEED
93.0,28.0,residential,DE,objects/uwespeed/germany/RES_93.0x28.0_0.obj_0.obj,,,5,SQ,UWESPEED
93.0,31.0,residential,DE,objects/uwespeed/germany/RES_93.0x31.0_0.obj_0.obj,,,4,SQ,UWESPEED
93.0,34.0,residential,DE,objects/uwespeed/germany/RES_93.0x34.0_0.obj_0.obj,,,5,SQ,UWESPEED
93.0,37.0,residential,DE,objects/uwespeed/germany/RES_93.0x37.0_0.obj_0.obj,,,5,SQ,UWESPEED
94.0,10.0,residential,DE,objects/uwespeed/germany/RES_94.0x10.0_0.obj_0.obj,,,4,SQ,UWESPEED
94.0,13.0,residential,DE,objects/uwespeed/germany/RES_94.0x13.0_0.obj_0.obj,,,5,SQ,UWESPEED
94.0,16.0,residential,DE,objects/uwespeed/germany/RES_94.0x16.0_0.obj_0.obj,,,5,SQ,UWESPEED
94.0,19.0,residential,DE,objects/uwespeed/germany/RES_94.0x19.0_0.obj_0.obj,,,4,SQ,UWESPEED
94.0,22.0,residential,DE,objects/uwespeed/germany/RES_94.0x22.0_0.obj_0.obj,,,4,SQ,UWESPEED
94.0,25.0,residential,DE,objects/uwespeed/germany/RES_94.0x25.0_0.obj_0.obj,,,4,SQ,UWESPEED
94.0,28.0,residential,DE,objects/uwespeed/germany/RES_94.0x28.0_0.obj_0.obj,,,5,SQ,UWESPEED
94.0,31.0,residential,DE,objects/uwespeed/germany/RES_94.0x31.0_0.obj_0.obj,,,4,SQ,UWESPEED
94.0,34.0,residential,DE,objects/uwespeed/germany/RES_94.0x34.0_0.obj_0.obj,,,5,SQ,UWESPEED
94.0,37.0,residential,DE,objects/uwespeed/germany/RES_94.0x37.0_0.obj_0.obj,,,4,SQ,UWESPEED
95.0,10.0,residential,DE,objects/uwespeed/germany/RES_95.0x10.0_0.obj_0.obj,,,4,SQ,UWESPEED
95.0,13.0,residential,DE,objects/uwespeed/germany/RES_95.0x13.0_0.obj_0.obj,,,5,SQ,UWESPEED
95.0,16.0,residential,DE,objects/uwespeed/germany/RES_95.0x16.0_0.obj_0.obj,,,4,SQ,UWESPEED
95.0,19.0,residential,DE,objects/uwespeed/germany/RES_95.0x19.0_0.obj_0.obj,,,5,SQ,UWESPEED
95.0,22.0,residential,DE,objects/uwespeed/germany/RES_95.0x22.0_0.obj_0.obj,,,4,SQ,UWESPEED
95.0,25.0,residential,DE,objects/uwespeed/germany/RES_95.0x25.0_0.obj_0.obj,,,4,SQ,UWESPEED
95.0,28.0,residential,DE,objects/uwespeed/germany/RES_95.0x28.0_0.obj_0.obj,,,4,SQ,UWESPEED
95.0,31.0,residential,DE,objects/uwespeed/germany/RES_95.0x31.0_0.obj_0.obj,,,4,SQ,UWESPEED
95.0,34.0,residential,DE,objects/uwespeed/germany/RES_95.0x34.0_0.obj_0.obj,,,4,SQ,UWESPEED
95.0,37.0,residential,DE,objects/uwespeed/germany/RES_95.0x37.0_0.obj_0.obj,,,5,SQ,UWESPEED
96.0,10.0,residential,DE,objects/uwespeed/germany/RES_96.0x10.0_0.obj_0.obj,,,4,SQ,UWESPEED
96.0,13.0,residential,DE,objects/uwespeed/germany/RES_96.0x13.0_0.obj_0.obj,,,5,SQ,UWESPEED
96.0,16.0,residential,DE,objects/uwespeed/germany/RES_96.0x16.0_0.obj_0.obj,,,4,SQ,UWESPEED
96.0,19.0,residential,DE,objects/uwespeed/germany/RES_96.0x19.0_0.obj_0.obj,,,4,SQ,UWESPEED
96.0,22.0,residential,DE,objects/uwespeed/germany/RES_96.0x22.0_0.obj_0.obj,,,4,SQ,UWESPEED
96.0,25.0,residential,DE,objects/uwespeed/germany/RES_96.0x25.0_0.obj_0.obj,,,4,SQ,UWESPEED
96.0,28.0,residential,DE,objects/uwespeed/germany/RES_96.0x28.0_0.obj_0.obj,,,4,SQ,UWESPEED
96.0,31.0,residential,DE,objects/uwespeed/germany/RES_96.0x31.0_0.obj_0.obj,,,4,SQ,UWESPEED
96.0,34.0,residential,DE,objects/uwespeed/germany/RES_96.0x34.0_0.obj_0.obj,,,4,SQ,UWESPEED
96.0,37.0,residential,DE,objects/uwespeed/germany/RES_96.0x37.0_0.obj_0.obj,,,5,SQ,UWESPEED
97.0,10.0,residential,DE,objects/uwespeed/germany/RES_97.0x10.0_0.obj_0.obj,,,4,SQ,UWESPEED
97.0,13.0,residential,DE,objects/uwespeed/germany/RES_97.0x13.0_0.obj_0.obj,,,4,SQ,UWESPEED
97.0,16.0,residential,DE,objects/uwespeed/germany/RES_97.0x16.0_0.obj_0.obj,,,5,SQ,UWESPEED
97.0,19.0,residential,DE,objects/uwespeed/germany/RES_97.0x19.0_0.obj_0.obj,,,5,SQ,UWESPEED
97.0,22.0,residential,DE,objects/uwespeed/germany/RES_97.0x22.0_0.obj_0.obj,,,4,SQ,UWESPEED
97.0,25.0,residential,DE,objects/uwespeed/germany/RES_97.0x25.0_0.obj_0.obj,,,5,SQ,UWESPEED
97.0,28.0,residential,DE,objects/uwespeed/germany/RES_97.0x28.0_0.obj_0.obj,,,5,SQ,UWESPEED
97.0,31.0,residential,DE,objects/uwespeed/germany/RES_97.0x31.0_0.obj_0.obj,,,5,SQ,UWESPEED
97.0,34.0,residential,DE,objects/uwespeed/germany/RES_97.0x34.0_0.obj_0.obj,,,5,SQ,UWESPEED
97.0,37.0,residential,DE,objects/uwespeed/germany/RES_97.0x37.0_0.obj_0.obj,,,7,SQ,UWESPEED
98.0,10.0,residential,DE,objects/uwespeed/germany/RES_98.0x10.0_0.obj_0.obj,,,5,SQ,UWESPEED
98.0,13.0,residential,DE,objects/uwespeed/germany/RES_98.0x13.0_0.obj_0.obj,,,6,SQ,UWESPEED
98.0,16.0,residential,DE,objects/uwespeed/germany/RES_98.0x16.0_0.obj_0.obj,,,6,SQ,UWESPEED
98.0,19.0,residential,DE,objects/uwespeed/germany/RES_98.0x19.0_0.obj_0.obj,,,5,SQ,UWESPEED
98.0,22.0,residential,DE,objects/uwespeed/germany/RES_98.0x22.0_0.obj_0.obj,,,6,SQ,UWESPEED
98.0,25.0,residential,DE,objects/uwespeed/germany/RES_98.0x25.0_0.obj_0.obj,,,7,SQ,UWESPEED
98.0,28.0,residential,DE,objects/uwespeed/germany/RES_98.0x28.0_0.obj_0.obj,,,6,SQ,UWESPEED
98.0,31.0,residential,DE,objects/uwespeed/germany/RES_98.0x31.0_0.obj_0.obj,,,5,SQ,UWESPEED
98.0,34.0,residential,DE,objects/uwespeed/germany/RES_98.0x34.0_0.obj_0.obj,,,6,SQ,UWESPEED
98.0,37.0,residential,DE,objects/uwespeed/germany/RES_98.0x37.0_0.obj_0.obj,,,7,SQ,UWESPEED
99.0,10.0,residential,DE,objects/uwespeed/germany/RES_99.0x10.0_0.obj_0.obj,,,5,SQ,UWESPEED
99.0,13.0,residential,DE,objects/uwespeed/germany/RES_99.0x13.0_0.obj_0.obj,,,6,SQ,UWESPEED
99.0,16.0,residential,DE,objects/uwespeed/germany/RES_99.0x16.0_0.obj_0.obj,,,6,SQ,UWESPEED
99.0,19.0,residential,DE,objects/uwespeed/germany/RES_99.0x19.0_0.obj_0.obj,,,6,SQ,UWESPEED
99.0,22.0,residential,DE,objects/uwespeed/germany/RES_99.0x22.0_0.obj_0.obj,,,6,SQ,UWESPEED
99.0,25.0,residential,DE,objects/uwespeed/germany/RES_99.0x25.0_0.obj_0.obj,,,5,SQ,UWESPEED
99.0,28.0,residential,DE,objects/uwespeed/germany/RES_99.0x28.0_0.obj_0.obj,,,5,SQ,UWESPEED
99.0,31.0,residential,DE,objects/uwespeed/germany/RES_99.0x31.0_0.obj_0.obj,,,5,SQ,UWESPEED
99.0,34.0,residential,DE,objects/uwespeed/germany/RES_99.0x34.0_0.obj_0.obj,,,6,SQ,UWESPEED
99.0,37.0,residential,DE,objects/uwespeed/germany/RES_99.0x37.0_0.obj_0.obj,,,5,SQ,UWESPEED
